rank_first_seen,wallet,first_seen_utc,last_seen_utc,tx_count,chains,target_types,market_keys,tx_hashes
1,0x1801c32e5fa1f52fb6f387c4c9fb2f03488024b5,2026-02-26T12:43:48.000Z,2026-02-28T16:45:23.000Z,4,polygon,bulker|comet,usdc|usdt,0x690d095f292d2b8e9c402a1e7b098dfd3872218de49303abf6c9f0b3ce67dcf6|0xc96d451ba2eeb7d97d89b9c45793a9ce1760f14c9f68a7e5e626d5eef218a611|0xd57085fbaeb28f6b776ac9ae01497e2cbe499ccb7468fbccf6c5f96c7aa2d49e|0xbcd1829849ee2c8a873c3f1679404b39d540a125e7d7d7c8ddd786af04d216da
2,0x64fe6fb6661164624247ec3e653fb476612213ca,2026-02-26T13:36:04.000Z,2026-03-07T14:58:51.000Z,3,polygon,comet,usdc,0x71d3eba6a0450a127835b2d8a774d5718b55bc3352f4f90ba5ab74c4c09ad654|0xd1c90deb7afbd5b1ea52dd5d41127e0e7191541a51cf2ec776027ad2ff73b722|0x4409a0aa9e06ee8626f1bcd18d1969b5cec4d0cb45dbca55414b881262cad2d2
3,0xe2fb93aed14270ff72f710af377ca9136e0fe758,2026-02-26T18:53:56.000Z,2026-03-07T21:56:31.000Z,2,polygon,comet,usdt,0x30153512ebb6cb3afef14dd43f529fa612e899c9651a6ca0ac9475329b71f725|0x336180d1ee8413aea4c3c86456f1d61a68f402d037f2f349c7eb7f0fce04405c
4,0x1f9918924f0b5eee61a2eda4c5df275c857ec348,2026-02-26T19:36:04.000Z,2026-02-26T19:36:04.000Z,1,polygon,bulker,usdc|usdt,0xc42c01f58e74fb13bb2ccbdf3ccf82e3121a6412102a6a3b9fad57ee1c2ef3a3
5,0x052f01c2ea10af00892a34a466171408980f7cb6,2026-02-26T21:36:42.000Z,2026-02-26T21:36:42.000Z,1,polygon,comet,usdc,0x61d79c2d5ab61f528ecc9271ed8e7a2f1b83240b54fd1d0ff550d54314a3a2a5
6,0x1177e23637f4a35244fb9cf124663f3e1ecd7287,2026-02-26T21:40:50.000Z,2026-03-08T10:31:57.000Z,22,polygon,comet,usdc,0xd92be8936ecd770079890446e99852b403e0ecdfc22e1c2d85311eb76ad37969|0x9360892706e5b3a337f64396e6c233698577c6288ec39ad35d0669745a223971|0x9d6f21a1e82d98568d7369381948b413bc877fc91f382b33687e188ea37abdf4|0x63841e4a4dd4d7eabe8692e9ea56ac9a93e26e743a0a4b5549bbda5c8f5e791f|0x0e9201aeec97355bfdea232aa03ec65c83579f376ed68c676d1af369e241bb51|0xfda7fbeb3173b47677fbefee5e698751c8fd08e36d76d1431ab8c5635bb12a56|0x01bf13bc9ae757044cc8c8708b0a8881ee3fd81ccfff6f1c65d48349544232f1|0x8631ad60c181ff066c0ccc02fc6d26515aae69b60955d3ef691dd8a894ea449f|0x450ad9c95954f9ed414a966dac7b948ef6f3e44b75ddb497f91d3781f933d583|0x4e3fe79b2dd761bfc7c9785a184755db6fadad05a8f97b24e0e4d31ebeb7a4fe|0xc3feaf98e5056521cd78cdcc675b1ea2c99dd3b50cd8ed998899b527978df33c|0xad781e840bc9d0b6799c401e0d944ab524d288b25896d3c42360585e58077264|0x1acd59ea1b73376a67861ee4f6bda4a338803c6a9bbbe7d33d45259cf0c6b6d0|0x3f600c840cbf63b878ea2cacce4c3a47b4186cf1a553494fcdcbb70f3427a009|0xb71bac1de9793731bece4ba24b6baf54072cb1e0657c625d3c61541224294f26|0xade6c2979cd59b67029b702d8c7c30a160f142fb569e2afad774ace6d1dfa08f|0x19257c91bebec0ed780f0b64173c3014a74bf1ccfcaed8b0776006572d354364|0xb9defc8d3401125ba5c252c4c606ace09bf6d67b137cb622f4064c1c25a4aea3|0x3a4d6406716204a694f37fce01a54aef2359fd8917b2fd75239628df4ebfda63|0xeea7ec7fe538f1f8a1fde00632d7a82894606638cb75c443da4d1c01c86c3860|0xb7d8bec80a04c86f490fc290aa92b8a62a8c0239eececfc92bc8c12cb932c905|0x06698d801581edb4b1864848ca62683446f42e4fcb7b36ab1ee71ae90254ac83
7,0xc0ea0d285886210f0f238dec3b38e212e740c9a4,2026-02-27T05:28:52.000Z,2026-03-07T05:22:01.000Z,6,polygon,bulker|comet,usdc|usdt,0xc2c9dbd5eaae9ce1a460504a054c506efa079a860691ed5e5802118568e26a3e|0x9daaeb3bed9fc5a4b786ba300e8faa01511442496ac2001a1aaa65f2cf95ca65|0x9af0ce755d15198980422f009e64105da904df2f55313e77669c10e50f47e11d|0xade6ab0870fa6e27c57b1f8769a4de9cdf9425075134d742b2b3ae1095ebd8c9|0x62b6bfc72eb037e85e328cf25a39176cace622a8b68f6113f2b1d3be1727388a|0xf67ee78eb3beb0028f563ff2df9d56f2327ab34fbb32a1cad4c494c5c778ad05
8,0xc9cd3057d689f5fa106a86b6ddb893ed138c2589,2026-02-27T09:29:53.000Z,2026-02-28T08:32:17.000Z,3,polygon,bulker|comet,usdc|usdt,0x58b2f5232267d86bd5c761455b94c934f45ec3e285a3bc22275e9d352f023571|0x9875abfe1d9402560303e6c49bb18c8dc1d3e4d1f8514046d7d67f31100f3e75|0x3cc5dbed6db8d16d2fa4f23f6fc50b67cffc5ce8f3696fda04b0113b6fbecc8f
9,0xced7b72c9d1a326889e7395fb2cb2d4a325a722d,2026-02-27T17:33:47.000Z,2026-02-27T19:51:15.000Z,3,polygon,bulker|comet,usdc|usdt,0xe533cb520959458c7ca0f429044329c12bd952bd79b6dfe89598836f46f8d54f|0xa68fbdd2bcaf3d2eff85ecee75dc95bab41969778e60e46ef0495433891a2faa|0xecc9d15711e54704a822c862695a4f9a0d64056bac6b025fea2e40d84d49bb89
10,0xe818c7b2b5739482f5d1bb044408d640a9fdabb3,2026-02-27T23:13:43.000Z,2026-02-27T23:13:43.000Z,1,polygon,comet,usdc,0x452488b96e76e68396ae65f64afacd8185028f181c2eb586742d2ecb80f2be1d
11,0xc92bfd8d62756412ef0486590dc0b5da52cf9329,2026-02-28T03:43:13.000Z,2026-02-28T03:43:13.000Z,1,polygon,comet,usdc,0x247946176193cc6bfb34bc2d63d342768383fe2ac969c4f76913d4e43cac259c
12,0x99cf35ce6318fb65fffc87721c044c435bc218e7,2026-02-28T07:04:07.000Z,2026-03-01T06:29:59.000Z,4,polygon,bulker|comet,usdc|usdt,0x7dc1ddac01e8c59368ce767437f4bb106a52435da6414649ac5d86dfa1c0fe6c|0xba5de989c465768d867c26eaeeecb3fd1673837a1ea6cb826885dd52174d2325|0x292eb020dc1224bef128cf872247c0105c02b17ad0484e2f63bb86f1bd126b58|0x01e6956a5d27fe3e45e61fe6c8c167d802efe4ab6338734274a1151101c52d4b
13,0x46ca1aabb7282d3c6b60fd11043d2602bc3642c3,2026-02-28T13:13:23.000Z,2026-02-28T13:13:23.000Z,1,polygon,comet,usdc,0x85de6e297807a62e434301c5a7b3a491561226404be71c84f4a9f19c32f9430d
14,0x8f8e337a936a4fb6dc5a47a641d05dc943b52074,2026-02-28T14:39:17.000Z,2026-03-07T10:53:27.000Z,2,polygon,comet,usdt,0x81771e782a29b21c0ef84e957ca059c709743cc148584052bb0887d76744e17d|0x3f67e1437a80171be9296a3830263c140a82e06a15e218d2c010b22d33d65de7
15,0xe7decb62ff7ad4da1a3e6d1ab587869e69829829,2026-02-28T17:24:29.000Z,2026-03-06T18:33:19.000Z,3,polygon,comet,usdt,0x6a9f86b92e15cd68772ca04feedce31bbcdfee6b97efb3eb5e87068e279e8127|0x80d38b09cacfbcc29cd3cf71e8d016a2cc1e2d744efc6ea6a9d8e85953c3544d|0xc65f55627f4afc534f7f5f6d7a0482416c29a32c6ce27d41ebad52e9508fe68d
16,0xa351fcd4bf55122b8ee48d648613213a60dcd9da,2026-02-28T22:00:47.000Z,2026-02-28T22:00:47.000Z,1,polygon,comet,usdt,0xbfdf4cb1ca1a72a6a20b804723d2b4111e42c8c97f820d78a50d5ca83f8dd894
17,0x6284820a3ecdecb9e5c736ace166f2b375a4a19e,2026-02-28T23:51:35.000Z,2026-02-28T23:51:35.000Z,1,polygon,comet,usdc,0xe222a8914e48c11370eefcd8e91129473544192a1e3903f653c8743d698a11b3
18,0xece2cd3fa2bfc6f8df524448460af1e6e2a1defb,2026-03-01T00:48:35.000Z,2026-03-01T00:48:35.000Z,1,polygon,comet,usdt,0x45b3ce21c8e90c3a211a7dab314e9f56b22f7fb392d44d3134de9062309ef9d6
19,0x8eda0bd868eb10604e9f773edb8fb0cf25c8a3d6,2026-03-01T02:37:57.000Z,2026-03-01T02:37:57.000Z,1,polygon,bulker,usdc|usdt,0xeabc794d4c3d9d976798ab83b2d4f69f924935049684b4788130d9bee9c0a4af
20,0x2d443096d9ba71466259fbd4191d7a3ed1b5b2a6,2026-03-01T03:28:07.000Z,2026-03-01T03:28:07.000Z,1,polygon,comet,usdt,0xb2082c8765fde59604593c1e292be868e6c85435159b00f46e19ca60101e7f2c
21,0xb021e02f35a86dc46438e5b5d9c312661233559f,2026-03-01T10:58:21.000Z,2026-03-01T10:58:21.000Z,1,polygon,comet,usdt,0x297519672c3a80f24a1a2186021f9d55b531482313e91762ec6934490cbd7820
22,0x85ef32a59abd7745ba8e6b793abeff1e4be0f380,2026-03-01T15:45:25.000Z,2026-03-01T15:45:25.000Z,1,polygon,bulker,usdc|usdt,0x2cd5236d89499c36de67b3b160885b92e893da20d7701c94f489a932bf6598d4
23,0xdd0a537ebbdc26d3312da75245d987b9f4ec0c34,2026-03-01T20:07:23.000Z,2026-03-01T20:07:23.000Z,1,polygon,comet,usdc,0x57c51e1c60d2ee1f775346b4f0e3e3610b26fc94639051e279fa42735091661b
24,0x0fcc1b9b6b765c25972f413740d4d13d172af1a7,2026-03-02T09:06:49.000Z,2026-03-07T10:14:47.000Z,4,polygon,comet,usdt,0x634299eac9589aed22a2ba01ca742e84091364f961885b2701e9ace5ec05c97c|0x0cbd61748d02aefbd3c9629acabd947e337ccefe1f4828ed71db81663d53e8f4|0xe59216668c25ff34c8dfa10ee246d58f9878e8b0b82846fc4222d5e700131864|0xab2c508f3b779b946128cdfd89d91bb3b570f01f72b201245d62bafe8f1de8d9
25,0xc9098217b402ce4a92f5d47e5166a5f62cc86952,2026-03-02T10:54:55.000Z,2026-03-02T10:54:55.000Z,1,polygon,comet,usdt,0x6c268934d5c65ce67543dc54b4dbcb5e67067951acf516c81e65d33492502cde
26,0xc43d9e84aaf0343fedf05887817499074761a14d,2026-03-02T12:28:19.000Z,2026-03-02T12:28:19.000Z,1,polygon,bulker,usdc|usdt,0x95090a78f33a7a0f93528953c738b729ffebc9389c545de54d5fd953b89c6941
27,0x0c036a1278da0a39a6c4e842af65ec6514bf545b,2026-03-02T12:31:15.000Z,2026-03-02T12:32:07.000Z,2,polygon,comet,usdt,0xbc6fd8911efcecf072ece4df6061194ed8e0f9d1150000a49d286a8203d73a78|0x8de1af55f075a29ce2fd8d0302d1830961ed26368673a76e61b8b8ef67d2641d
28,0xbfbadc1bcc7aaaf363d9323e6ba8ef0b4a632585,2026-03-02T18:29:49.000Z,2026-03-02T18:29:49.000Z,1,polygon,comet,usdt,0xc18ff3591e55c4c3acac7e052bd8a7a58e9f4db7d593561605a5d6c7cccab2f0
29,0x3653358096accc1d8b6948441ead7e15ef4905c6,2026-03-03T03:28:39.000Z,2026-03-03T03:28:39.000Z,1,polygon,comet,usdc,0xaf4ed68ed688b24bc40372655a6e417e3157b8a52db6e79a6846a98577d32187
30,0x9c2aa05fe6f85847973e5bb81384cd0561940ed0,2026-03-03T08:50:27.000Z,2026-03-03T08:50:27.000Z,1,polygon,comet,usdc,0x5aea7dea262c6cd924ee1ec5e1b3a056dab1bfdca8362973abf3ba95238d988b
31,0x471b9cbec79c7e720f5734ed392201903bbf555b,2026-03-03T12:43:41.000Z,2026-03-03T12:43:41.000Z,1,polygon,comet,usdc,0xf4b819145f1f97ab5f0dc801c8185250cc18eb5ca21bf0887c28b7a311292dcb
32,0x1d32b11c26bc2cc457ee3909d3e866c55bdbbef3,2026-03-03T14:28:41.000Z,2026-03-05T00:11:05.000Z,2,polygon,comet,usdc,0x4a0dd4298cb7fa5293b7f5831e35fda3f35d5ed7cf6280a1f1687d6a5be3e270|0x13c020b219030ff5b05edc578f86ade15a3aecfb6d331848119ebf63adee1d3f
33,0x0083022683e56a51ef1199573411ba6c2ab60000,2026-03-03T18:28:41.000Z,2026-03-03T18:28:41.000Z,2,polygon,comet,usdc|usdt,0x5726fff34c4cde24daf53f157d468906097e924a84a1fda10fb493cb38794661|0xac4b6ad0b7859668181a9db1cb64dbed607f4f5c274f89999890107ce4d3f706
34,0xa1f1ebd2c1dabf6cd860d4362b240aa2a84c27cd,2026-03-03T21:15:29.000Z,2026-03-03T21:15:29.000Z,1,polygon,comet,usdc,0x54742b52d9821c28752b73f750278fbfb7f34ad0d2977f32eb1004a6cb81925d
35,0x13e5a77e23907f711a6084b95e4505321051c82d,2026-03-03T21:32:03.000Z,2026-03-03T21:32:03.000Z,1,polygon,comet,usdc,0xd37fa85579bb48c26ca0f3c6f205578b76a9807ef8c78c8d7d2378c00efb0780
36,0x3884a4ff940adb87f9981e55ab8082f0c656fa20,2026-03-04T07:15:15.000Z,2026-03-04T07:15:15.000Z,1,polygon,comet,usdc,0x2e957a0a690de9d66b5bc99ff85c27614073e70bf610ccc5e4da66d740967f12
37,0x90aabb92efd806040bd1a9b7072a03bf77040faf,2026-03-04T11:06:09.000Z,2026-03-04T11:06:09.000Z,1,polygon,comet,usdc,0xe3abe1fff652d0fa6ea0edf6bb8113a616456dede994407f75b89ac423213b0a
38,0x3631f39d7e7f8c4603ca67e12d49ad59b5ca362a,2026-03-04T11:14:55.000Z,2026-03-04T11:14:55.000Z,1,polygon,comet,usdc,0x96bdcc874be20d1452e169c981c6ccab2846a13b5a510d6ab37bcf10b75295f5
39,0xd004027c4bc2e0bde51c23b06e80d63bcd279caf,2026-03-04T14:39:51.000Z,2026-03-04T14:39:51.000Z,1,polygon,comet,usdc,0x883559d3540bda41803359fb33c19b5d17b095b982b5604fd240ee5ef2d2e58e
40,0x4f13fb0dd3d43a4511c1c6ef49569287ee968ae5,2026-03-04T18:37:31.000Z,2026-03-04T19:02:49.000Z,5,polygon,bulker|comet,usdc|usdt,0x2f475d38d8bd3ba4b5959acd4d951ab695439c1b1913f676d0a3eb2f6c19a470|0x15afb2a6bdeb7b9596fc44d4ce3dad9914d76d42b605fee98ede9e236a6d72b7|0x7cd6b50afc6c49ab07cb738aeee9c0b3d198374947000b410520bc513e1f461c|0xcadcdf4bf58a4e1be683e8cd58b36f70eea71435cf3c8004f5e9bd7fa4ff4a1d|0x2bbc531db3f0506b48ace1ba484aaf882973eb7cc745e2931fe67e08af6c71c4
41,0x8ca26a0a426e8c2110c065ff8f2ac6e8bc2a6d72,2026-03-04T19:56:47.000Z,2026-03-04T19:56:47.000Z,1,polygon,comet,usdt,0xa153cf4296852e999733bc04944a1216b7c5a96c373c5d9c229e5f308a121ec6
42,0x2588253cc1daac3e7d823b9190ec87e75c67f2c4,2026-03-04T20:54:25.000Z,2026-03-04T20:54:25.000Z,1,polygon,bulker,usdc|usdt,0x605ebb3b50f32156699df1cf2984388e2eb310f4ee064f74dc30ce754cab1b95
43,0x82fdbbfd3b24dd9d8be84e17bd8000cebd6d371e,2026-03-04T22:15:11.000Z,2026-03-04T22:15:11.000Z,1,polygon,comet,usdc,0x96842a87615ce4f82c48c2c94d1dbaddbd5ab0d8b65152ed0f07b59eac878bf0
44,0xf2f3e73be57031114dd1f4e75c1dd87658be7f0e,2026-03-05T03:51:41.000Z,2026-03-05T03:51:41.000Z,1,polygon,comet,usdc,0x5beb1700aba269aa3daeb4289bfcc82d2c1ef9fb4f347573c2800e93921cfed5
45,0x1fed11ddc19a0e0948d9c97185b3fece15ea62a9,2026-03-05T05:00:01.000Z,2026-03-05T05:00:01.000Z,1,polygon,comet,usdc,0xfd99af30df914a658d0e6adb1765672989eb79292b5bfd479d60fa82561f3fd1
46,0x07ffaec6ddda77a0f0afd48fe49bc21b1c68e87d,2026-03-05T06:21:25.000Z,2026-03-05T06:21:25.000Z,1,polygon,comet,usdc,0x027cb6ed3a1a393cd5635b5669c79826cc44c1a9e911041fcfd271e7dfa664d3
47,0x21050471aa9fc930355c97410b3bc3b677b3a7e4,2026-03-05T09:54:39.000Z,2026-03-05T09:54:39.000Z,1,polygon,comet,usdt,0x3443954be145cec9d1f13345322d1fc8a3d75356f8143a31b5eb472e07d23c63
48,0x1e5d2cbeb60742a1a60ceba8d83d1a05f076524f,2026-03-05T10:33:39.000Z,2026-03-05T10:33:39.000Z,1,polygon,bulker,usdc|usdt,0x0524420d886996b2dcb59274880433e7e95d8658326de3774bfd5fabf4068b23
49,0x2ecd1400e9975bee19b1c41ee57ef8f76f0b71a3,2026-03-05T12:59:05.000Z,2026-03-05T12:59:05.000Z,1,polygon,comet,usdc,0x4d2b3d239cc8045622c07a8ed274c46968cc50b2196935655919bc3928a43524
50,0x3b2b389e6ba7cd904abcf3d213515e652cb60073,2026-03-05T14:04:53.000Z,2026-03-05T14:04:53.000Z,1,polygon,comet,usdc,0x250c03b0dc2bd9ecc31f924a545612e018f2ff5c7271eeaca6f48ec05616f87e
51,0x9a22304ec890a5701619a51b4a37a94755b4a31b,2026-03-06T10:12:11.000Z,2026-03-06T10:12:11.000Z,1,polygon,comet,usdc,0x6a3cac88019cfcfab085d638dd92cccbb4ef8e55da8b96754bf249748e0131b9
52,0xfa759ef4a1ed683dc8009fb4e48076ccd260607d,2026-03-06T14:26:03.000Z,2026-03-06T14:26:03.000Z,1,polygon,comet,usdt,0x2e59e26d3033fa6a45d5d2d6656553c99d0f6da883d12f8f798738f4b4ad2bea
53,0x3a13b8771b898b09c8ec97a38339e9d07745d7b2,2026-03-06T17:15:19.000Z,2026-03-06T17:15:19.000Z,1,polygon,comet,usdt,0xe8b80c0848cd86aca3cea3d419e97a9f657f3203e1c91f70a424fe41571a1dfb
54,0x88601bae98ad776d5dd6742e8b4310bef6541e06,2026-03-06T19:49:19.000Z,2026-03-06T19:49:19.000Z,1,polygon,comet,usdc,0xe797d1ddd86fcdacc309bb66829780b19812e91282188ae4106cbdd29f7c1b95
55,0x49266929c793380bdbf2ed9bc3523abee3667c3a,2026-03-07T02:14:03.000Z,2026-03-07T02:14:03.000Z,1,polygon,comet,usdt,0x8ffb3806ed6da7fe4e61c44dc40fec7d0aac2451f72ca7096f272e0cd8ab3ae4
56,0x7846e738f5509a23de53820fea3031ebe4def351,2026-03-07T04:07:59.000Z,2026-03-07T04:07:59.000Z,1,polygon,comet,usdc,0x945cca8ed60ee6b03af7aad700e411820233d50365e63a5f40ac09c6a4a9bf67
57,0xa200369d36d9a1040bddddf7f83995220e87211c,2026-03-07T08:04:11.000Z,2026-03-07T08:04:11.000Z,1,polygon,comet,usdc,0x3e0ec0a63d71d793c28f3e7873dc0e446f40321a77b7fcd8f6db8d537a38553e
58,0x57d3017db560ea906e67ceef0250348793c05053,2026-03-07T22:36:43.000Z,2026-03-07T22:37:57.000Z,2,polygon,bulker|comet,usdc|usdt,0x5886d11507e43c60428e4f30232a5aac01522ac159af0d71efcca2e8df6b1cc6|0xe11a0a20ef425752a521221af1242450e3208cb9c8d04c37fb0e39f373e878e0
59,0x5c319a710bb86d455ee165ae35aaf6361e494801,2026-03-08T02:34:37.000Z,2026-03-08T02:34:37.000Z,1,polygon,comet,usdt,0x8068759c7ab79b8ffe7bdccee6dc163f59a600c027864e1d43d7ed8bb1972015
60,0x60dff2bd5852efd055e21c15c285056375ebabde,2026-03-08T05:06:41.000Z,2026-03-08T05:06:41.000Z,1,polygon,comet,usdt,0x44a491297145db9faf5dfb94356437071af1e1ad8a3e6844cf6c488c13909d52
61,0x0e3e30241293d9aa5032a88c57092b3014b96e13,2026-03-08T09:12:55.000Z,2026-03-08T09:12:55.000Z,1,polygon,comet,usdt,0x2d9c441842e732172d20a0cfbd6027dd4103e9e6b21f3592ac4ba354ed97baaf
62,0x9c979b820d60c25f7aa7e09e7e358c68bb6b4681,2026-03-08T09:14:55.000Z,2026-03-08T09:15:45.000Z,2,polygon,comet,usdc,0x44be659355c77ceb49e4fac6a16b59c0b1e2624cb775a9500bfdb4214fae44f5|0x821daaa5468f7c259e3cdbd4b4dfe870290338f573a172c14fbff858cc30d6f8
