primary_chain_key,primary_chain_name,rank_within_chain,wallet,wallet_is_contract,first_seen_utc,tx_count_in_chain_sample,representative_tx_hash,representative_explorer_url,market_keys,tx_hashes
arbitrum,Arbitrum One,1,0x7a668ccd94ace4f45a4a8c33e2b1fdc4ba25a008,true,2026-02-25T21:28:31.000Z,12,0xab6644630537d78fd74cf229d6b32a6f20e2c566f9f6f4dd6c2bb21fdd66d040,https://arbiscan.io/tx/0xab6644630537d78fd74cf229d6b32a6f20e2c566f9f6f4dd6c2bb21fdd66d040,usdc,0xab6644630537d78fd74cf229d6b32a6f20e2c566f9f6f4dd6c2bb21fdd66d040|0xc116a11b91c58339bede037b2d80c1290bfd568b57ef410bd32612cd9cb966fd|0xb0ea439bd77e62079019d0f24e2ecca08595f1ebebc8518c54313b933cf9a6a4|0xeace82888d953d75e05147914358aafd65dc270033aaee47ac8583e331b5e300|0x4b4f21bd0c5d74fa994b66aa9b179d75b3f2899a388c047154d8f6f37db09fc0|0xa3a88ebf5a7c6626764af938dcee1e3f2ed7609f5de42a81e625e03093708b6c|0x7d0350aa22c18d9244aa3c0ed559073450375e52eb2be643d121bb0db4279173|0xb2255366a79e56eb36964fb821e0aafd24a7c3ae3f99e006891bd80d762d3775|0x7e6e4b7c0807e4c67f1d8dca85c05df80a1eef0e426cf229d1a2a42d1da1d174|0x657c3a74f55c17f4cd6f2ba3cb040610249e9f55ce459fb62674e36909f88e46|0x77a44b37a4c920c616c7d2ec531844529214e6aea7b4265ac87bd8779bf47bb1|0x13b9bd7aa49fc512d096c16f80e072a5fff220cff9925203cb2ce34c5177fda8
base,Base,1,0xe1af13589645c6443eefd4aa7d676e012d8a9fb0,true,2026-02-25T21:28:31.000Z,11,0x7087772e3f0b19f603fe33ac73a137653608bf3627d3de3f1b54a13a46578845,https://basescan.org/tx/0x7087772e3f0b19f603fe33ac73a137653608bf3627d3de3f1b54a13a46578845,usdc,0x7087772e3f0b19f603fe33ac73a137653608bf3627d3de3f1b54a13a46578845|0x6583c2f75b5c06884912e75f4a5b0804f77fe138ff3c9adefa2bcbc12609f9ff|0x547cfa13ccd7a8cec216527374d9782f1333befeecac4b76df4e12f1e9865ae9|0x4cd167cc14edba353aa44010c68a6f786501adcc14ce6719b9b7a14961ac67bc|0x11f2e0e43c21685055443f2346c0f4269cd94635f1873caeaa967f22417709d9|0xa488af4f1551e843e616c83131ee82936404cdee029d252ac55ce366ee56dc62|0x79a7219dbc670503d7a3e8d19e3963b91870384e7adf638892aeec9917770f74|0x2aeadfea629a8e48ba373c92a1a09025c3ffa9c9d9aa3214753df55823a2ca36|0xb6cf3ebd5a1243481d2f8bb664b4b51abcd710cfeb0fce4358d48a2641d5d32f|0x4a80de30a364c5f10882c174499eb1737541405da084639cdbba705e37f47df4|0x3e6b9f26df0ce27bef961dbc3a6bc553a0125c0d6240ae1281308c04dbdc4f8c
linea,Linea,1,0xa5c5956acd8156d457736bb537f6ab4e396e62f1,true,2026-02-25T22:53:26.000Z,3,0xb14aabb94a5cc9055d538c78b8401edf917be376b52a3b2cc09e93411dbec471,https://lineascan.build/tx/0xb14aabb94a5cc9055d538c78b8401edf917be376b52a3b2cc09e93411dbec471,usdc,0xb14aabb94a5cc9055d538c78b8401edf917be376b52a3b2cc09e93411dbec471|0x01bacc12b56b7f5a21863b8431ea68a83195246278e1d0043830a490596fb005|0x26aea3b7755f446629271824ade5d23885d2e162fe1498c4f511273700e1a887
mainnet,Ethereum Mainnet,1,0x48fb11f0004c09656abad8687515a352ab4ba775,true,2026-02-25T21:28:47.000Z,1,0x33b1f14783a3d988648ce6d885038d00461258691e36b86b6ed68b7e839e0879,https://etherscan.io/tx/0x33b1f14783a3d988648ce6d885038d00461258691e36b86b6ed68b7e839e0879,usdc,0x33b1f14783a3d988648ce6d885038d00461258691e36b86b6ed68b7e839e0879
optimism,Optimism,1,0xc5f35ebce3ea365dbffc6a5a27819b660d24716d,true,2026-02-25T21:28:17.000Z,2,0x92011ef8c70f44ec12a8c24153574adc21c077c6b12e9167e74d32821f55a23c,https://optimistic.etherscan.io/tx/0x92011ef8c70f44ec12a8c24153574adc21c077c6b12e9167e74d32821f55a23c,usdc,0x92011ef8c70f44ec12a8c24153574adc21c077c6b12e9167e74d32821f55a23c|0x676dedd71df7461d72f1666f417d84593b9fd18b9b2c6888a49d82c6f9542f00
sepolia,Sepolia Testnet,1,0x97a6d8595cac7ed6c90c608b8ad34969fa3e7e5d,true,2026-02-26T00:14:12.000Z,8,0xac15b8ffafee8eba07642cce322cbdb243ea081178c68c69b974799f820878a9,https://sepolia.etherscan.io/tx/0xac15b8ffafee8eba07642cce322cbdb243ea081178c68c69b974799f820878a9,usdc,0xac15b8ffafee8eba07642cce322cbdb243ea081178c68c69b974799f820878a9|0x4f7572b69454972d8fde7efbbde3393ee295432511aadd3e0848212319290ebc|0x595e92baf25b3bf60bcafb3fa466a13ed742d24f9cecf115470adf46195ff518|0xe86e6488ff81aee05fa25729a4393e7d8a93a48d738058a3ee365a0fa17c0c45|0xe281f330fbb84e1acec601facde458a8e1ad5104cf05842ee30b78cb724c3258|0xb7563db719509325b2f94b5e3fd1522c8633285537386506e10faba561232fa3|0x01f6d597866fc993a16f67c48dbdfa6ed8e013925834b6def98ceab7fd6e6d90|0x4c6c2e2279de3061b4a16908f5b7303b0b16c11034d3178aa865348a5f8cc399
arbitrum,Arbitrum One,2,0xc294cac72c69a18b3127a35804fb97939e2327af,true,2026-02-25T22:01:43.000Z,1,0x3bea9000e6e3779e564b40096bdd0c153e1488a8c8bc257ba91d93dd7b831e5f,https://arbiscan.io/tx/0x3bea9000e6e3779e564b40096bdd0c153e1488a8c8bc257ba91d93dd7b831e5f,usdc,0x3bea9000e6e3779e564b40096bdd0c153e1488a8c8bc257ba91d93dd7b831e5f
base,Base,2,0xeef07519d63d431e2fa28dd5f933560a802f5d2d,true,2026-02-25T21:29:11.000Z,1,0x689964899e157742febdc683d2e57c10c2320399e01cd70d92c5c2d13f80e4b1,https://basescan.org/tx/0x689964899e157742febdc683d2e57c10c2320399e01cd70d92c5c2d13f80e4b1,usdc,0x689964899e157742febdc683d2e57c10c2320399e01cd70d92c5c2d13f80e4b1
linea,Linea,2,0x21cf10e47886ca7fdba5eedd96da4d51319939cd,true,2026-02-26T04:32:42.000Z,1,0x5baa44c6ab9fef71141f243fde6fd2470aa80a6fda213b89e470e2c8e2611c24,https://lineascan.build/tx/0x5baa44c6ab9fef71141f243fde6fd2470aa80a6fda213b89e470e2c8e2611c24,usdc,0x5baa44c6ab9fef71141f243fde6fd2470aa80a6fda213b89e470e2c8e2611c24
mainnet,Ethereum Mainnet,2,0x52becd2c41f1c8471228a491fcce3360b8788cc4,true,2026-02-25T21:37:59.000Z,3,0x32e5ad0cabbebbd98713da812ee6147fdcbbd3caaaa75f68c989ec452e9b3279,https://etherscan.io/tx/0x32e5ad0cabbebbd98713da812ee6147fdcbbd3caaaa75f68c989ec452e9b3279,usdc,0x32e5ad0cabbebbd98713da812ee6147fdcbbd3caaaa75f68c989ec452e9b3279|0xa9a826294f9cdf01c33a6c83df85ebb79ce49fdaeb13aeababe18d0eb7c587d0|0x6fad071e9ade4bbc5d47768a1ca376bc9a26e5773d631a05ac921128238807dc
optimism,Optimism,2,0x0c5230dff20c3344b9b6ea4230e1ad4736dd9fa2,true,2026-02-25T21:46:13.000Z,1,0x638dc968e992617b3d93734f4876cb8764694ce1efe030434e7635ed24915296,https://optimistic.etherscan.io/tx/0x638dc968e992617b3d93734f4876cb8764694ce1efe030434e7635ed24915296,usdc,0x638dc968e992617b3d93734f4876cb8764694ce1efe030434e7635ed24915296
scroll,Scroll,2,0x46ed4c0f67dc1341ad0ff13773b7347c4b2fd089,true,2026-02-26T03:20:43.000Z,1,0x2840fba247b33078e43a1523fa4b6bdc756b7ca4279a9d0a5652b354cb7c8223,https://scrollscan.com/tx/0x2840fba247b33078e43a1523fa4b6bdc756b7ca4279a9d0a5652b354cb7c8223,usdc,0x2840fba247b33078e43a1523fa4b6bdc756b7ca4279a9d0a5652b354cb7c8223
sepolia,Sepolia Testnet,2,0x3196b9950d934d39dcb149258f5d9a26cb570374,true,2026-02-26T01:49:24.000Z,13,0xcde707363bb0bbfc233dc3b0405c2822daed17577426b06f15ff04ef2c27099b,https://sepolia.etherscan.io/tx/0xcde707363bb0bbfc233dc3b0405c2822daed17577426b06f15ff04ef2c27099b,usdc,0xcde707363bb0bbfc233dc3b0405c2822daed17577426b06f15ff04ef2c27099b|0x7105c7137afbd16fd69f7a87a82b13b7a143e9b8b38fe41f6cd7628e4cdfea3e|0x18204e8641f182789739147f537de9ebd4d3cd0ea49f340dd69854b6dbccea14|0xacfaeb9f5cdcbdffaca373c12c66d9ed4a228b9d4e0995d0490598d634217c23|0xc00f8a61ca96648e3536707f970e2604ec8b0701999608e5da11845089a6a70e|0xa3f3cbe757d3da69a6b7cea23924af93ee0cc75390b91a8377e5ca0cf5e9eb98|0xbb5d4da8f86ca03d4a8c1c14cdddc8864c8e1b342ef76433afa240690f5a5f92|0x295f9c893762b1e12c3cea755f65abb9ee4a37f431265e5dbab1b588f725cb7f|0x489f61ded70cd828aef40f93cebcaf19074583ffccf0d9ff05ccddb8a27955a0|0x878bd73ba2710aa49375e73e8b0b0d562c7c93061bac5c874926c23c02a40249|0x6ba3697b707ce8eb1589348dc25eb0aa4a90964bae5085d96e2673d6ce0c27f9|0x15ed084706dc7eb9f0edfa4dea78682cccb8f46a10c1cfadb6bea6498ad7c110|0x1bf450beae479d597e1a16df423072fb9a14785ff4d1d0a0e8b8ff65f87b21a4
unichain,Unichain,2,0xfacb7faec36c008263b81b1cc1f0783113ae5bef,true,2026-02-26T03:25:42.000Z,3,0x6333c9a1099732d359f41a21f96c7118bb125b5b9589501648b0cfc7c069c288,https://unichain.blockscout.com/tx/0x6333c9a1099732d359f41a21f96c7118bb125b5b9589501648b0cfc7c069c288,usdc,0x6333c9a1099732d359f41a21f96c7118bb125b5b9589501648b0cfc7c069c288|0x12ea42cbc2f5e71908467b4027a22efa78b0cdc60d82f30caf622c63ab94eeb9|0x16c17b722a75c21518758a30f3f47252d5ac12da49075fcebdee8e84631faa33
arbitrum,Arbitrum One,3,0x6ba604963046512cc0143693e9a52faa2eb41ec2,true,2026-02-25T22:32:45.000Z,1,0x51d3f7d4493a244763a9e55d7fe1f02ce5d46968b18e0c7f6af7ff7207abfc03,https://arbiscan.io/tx/0x51d3f7d4493a244763a9e55d7fe1f02ce5d46968b18e0c7f6af7ff7207abfc03,usdc,0x51d3f7d4493a244763a9e55d7fe1f02ce5d46968b18e0c7f6af7ff7207abfc03
base,Base,3,0x425b22824b5259c6f708aba07feedcd78ee82f06,true,2026-02-25T21:31:13.000Z,1,0x627da61fe996f7e677e369b0a054c5dc8ced987c2889e6d87442345437ebbc00,https://basescan.org/tx/0x627da61fe996f7e677e369b0a054c5dc8ced987c2889e6d87442345437ebbc00,usdc,0x627da61fe996f7e677e369b0a054c5dc8ced987c2889e6d87442345437ebbc00
linea,Linea,3,0x0e92afec7990bd6d3b20a21df0e3a85b7732a3b5,true,2026-02-26T08:34:29.000Z,1,0x80dc24070288c63a4f6a3aa2609758922c5a3ead2c61aeb7a1a320d6a5617fa1,https://lineascan.build/tx/0x80dc24070288c63a4f6a3aa2609758922c5a3ead2c61aeb7a1a320d6a5617fa1,usdc,0x80dc24070288c63a4f6a3aa2609758922c5a3ead2c61aeb7a1a320d6a5617fa1
mainnet,Ethereum Mainnet,3,0x893a983f6af86d7024985c16421f8b904c4244ad,true,2026-02-25T21:40:11.000Z,1,0x7e931592e4c4130a096e8c86d725f28b80a98c2e6994fb8c3a9638d201da047b,https://etherscan.io/tx/0x7e931592e4c4130a096e8c86d725f28b80a98c2e6994fb8c3a9638d201da047b,usdc,0x7e931592e4c4130a096e8c86d725f28b80a98c2e6994fb8c3a9638d201da047b
optimism,Optimism,3,0x9d5025b327e6b863e5050141c987d988c07fd8b2,true,2026-02-25T22:29:17.000Z,1,0xa87b421b10e2977278bfbfdb4dd500d66d51cabb86bfeed3b7fed8b64a27394c,https://optimistic.etherscan.io/tx/0xa87b421b10e2977278bfbfdb4dd500d66d51cabb86bfeed3b7fed8b64a27394c,usdc,0xa87b421b10e2977278bfbfdb4dd500d66d51cabb86bfeed3b7fed8b64a27394c
sepolia,Sepolia Testnet,3,0x796f024d81a6a2aa5384df714a0deef2f3d3a4af,true,2026-02-26T05:44:36.000Z,3,0xb4329ceab949e932bdbe77e1166180a5657c5c14718bd23378ed4cce1eebc707,https://sepolia.etherscan.io/tx/0xb4329ceab949e932bdbe77e1166180a5657c5c14718bd23378ed4cce1eebc707,usdc,0xb4329ceab949e932bdbe77e1166180a5657c5c14718bd23378ed4cce1eebc707|0x9d272fdda28f3d704a2125d6bc7bf36c3774305b817784ec611050c66a9d414d|0x0888643a5d56f525f308ddb05df43b963a01ca43784b93926c032392b333f176
unichain,Unichain,3,0x268fcd9b96b0877e4128e3dcfef3b95eaf27ed5a,true,2026-02-26T04:12:53.000Z,3,0x45455d99c8d70a9e1d9f45f0b6476aaf95b86f620c73fa833701bd9fe79ff1a3,https://unichain.blockscout.com/tx/0x45455d99c8d70a9e1d9f45f0b6476aaf95b86f620c73fa833701bd9fe79ff1a3,usdc,0x45455d99c8d70a9e1d9f45f0b6476aaf95b86f620c73fa833701bd9fe79ff1a3|0xe8ee8681cee9454e7aa5d841da57e2dd4067413e48175b02e1f52b471c04de2d|0xf4120473c85391bf7926986cefc64ca49ae1c34445c7bcf90d2385c7909a710b
arbitrum,Arbitrum One,4,0x73a7984c3379aeedf004bc21bf2d614a2584b48f,true,2026-02-25T22:34:37.000Z,2,0x1102b878bfe9b95b4bf11f85a6ef4f3785a63b219373faf2491643e44f9a93d0,https://arbiscan.io/tx/0x1102b878bfe9b95b4bf11f85a6ef4f3785a63b219373faf2491643e44f9a93d0,usdc,0x1102b878bfe9b95b4bf11f85a6ef4f3785a63b219373faf2491643e44f9a93d0|0xbde9dc4215c841657b89f9e84368eb2f5ded4c48e3202099c87d0a8177c823c5
base,Base,4,0x061dea0e92ed3d2de743791746373b14c3ec123e,true,2026-02-25T21:35:37.000Z,3,0x07bf25ec8e56fcb6582cde1c9bc42bfffbf2684fe81956189d2a10475e0d06da,https://basescan.org/tx/0x07bf25ec8e56fcb6582cde1c9bc42bfffbf2684fe81956189d2a10475e0d06da,usdc,0x07bf25ec8e56fcb6582cde1c9bc42bfffbf2684fe81956189d2a10475e0d06da|0xf7271366edb555ed7281121f176c4667ec26783d6fa25d113e91ca8472ec0d0a|0x3d66f3c8e2feb83aba477bc8c445fdc382701700b8fbd4177707a23eaa749018
linea,Linea,4,0x20f9468228a4b69b84b01e621363f58c93ad0823,true,2026-02-26T17:36:24.000Z,2,0x1406f776c520e44eeef2107fbbdf2e1708d74ae6df428ac761f35c79df91f086,https://lineascan.build/tx/0x1406f776c520e44eeef2107fbbdf2e1708d74ae6df428ac761f35c79df91f086,usdc,0x1406f776c520e44eeef2107fbbdf2e1708d74ae6df428ac761f35c79df91f086|0xcbd3eb537cd7a80cfeb1b8181ca3d9e8f7620104679adcfc3a4a74d14cb192d0
mainnet,Ethereum Mainnet,4,0xe7f525dd1bc6d748ae4d7f21d31e54741e05e110,true,2026-02-25T21:45:23.000Z,4,0xf646a716bb55d2014cff7728952016cd9d2efb1be6c45465452c049b9db277d5,https://etherscan.io/tx/0xf646a716bb55d2014cff7728952016cd9d2efb1be6c45465452c049b9db277d5,usdc,0xf646a716bb55d2014cff7728952016cd9d2efb1be6c45465452c049b9db277d5|0x2d711620749ed11daf738da13ab41789cb6f45e66c54e33194ee60e2bd01b196|0x6b095dcac37b86ac3301666c01581033af2be071201bf61ec4aedfe741ed8459|0x8925146bdc3ed551c881378a15b7904c3a140c22e88f75d9d57b2ce92b87f643
optimism,Optimism,4,0x357006562dd4cbdaa6c83d4b8edd7a6e6952f951,true,2026-02-26T00:00:33.000Z,3,0xe869e847b97bc36db64988aa5af0db528c25c1ccbe19338442e5b7e70a7a9ddb,https://optimistic.etherscan.io/tx/0xe869e847b97bc36db64988aa5af0db528c25c1ccbe19338442e5b7e70a7a9ddb,usdc,0xe869e847b97bc36db64988aa5af0db528c25c1ccbe19338442e5b7e70a7a9ddb|0xfac941d681fc7b759a05d785d5523ecabbf32ddcd8e2090989b3c77ed6e5b777|0xba13fcbf263d0d6509380ff3bf4601c83983f36dfe27ad2e2422b79aa12bb20f
scroll,Scroll,4,0x4166687a150dba40f5b3e489d3728e16a111b7e0,true,2026-02-26T07:27:03.000Z,1,0xb4b87a9a2aba5de88359549c19ed6772edda50baa79c9449dfca94248dda70ab,https://scrollscan.com/tx/0xb4b87a9a2aba5de88359549c19ed6772edda50baa79c9449dfca94248dda70ab,usdc,0xb4b87a9a2aba5de88359549c19ed6772edda50baa79c9449dfca94248dda70ab
sepolia,Sepolia Testnet,4,0xb582dfd426c55e1865753bddc8db340893eb6db2,true,2026-02-26T06:00:48.000Z,5,0x91f7f606e1d500dd6703a7f64b2d43e0b709efae3bfa58dfc59901ae546819f2,https://sepolia.etherscan.io/tx/0x91f7f606e1d500dd6703a7f64b2d43e0b709efae3bfa58dfc59901ae546819f2,usdc,0x91f7f606e1d500dd6703a7f64b2d43e0b709efae3bfa58dfc59901ae546819f2|0xdd558979d934af68ebe2d47d6cdf73550e678c9dfbbf3fb57a0cc2b8318df362|0xb7274d5d3cb2f3c5217e8c87b18121d9ca1b0ef0710724d5b74433b3cb275e60|0x5d2b03e2a0ac3c15323dd9ab05211a0d77476d60c109765d0b607c54d6695854|0x3383747fefdda84daeb378d132c3ba15f0c1f6035dc5afc0913d0e96dc72a79a
unichain,Unichain,4,0x7ee2b3ab0aaf9ddd05cda7b58fc17fe56a373d95,true,2026-02-26T06:13:55.000Z,1,0xdd303b993f957f1ec2a87c6c260bcaf82737dd637ad00239db3533e6ee7badfc,https://unichain.blockscout.com/tx/0xdd303b993f957f1ec2a87c6c260bcaf82737dd637ad00239db3533e6ee7badfc,usdc,0xdd303b993f957f1ec2a87c6c260bcaf82737dd637ad00239db3533e6ee7badfc
arbitrum,Arbitrum One,5,0x7cad678824e3689b2422f843137825d789944ff1,true,2026-02-25T22:57:33.000Z,1,0x73c486791ffe8d03b156b1f9b4fb6be74eb0b0879435fe1de0f2d1134ddec903,https://arbiscan.io/tx/0x73c486791ffe8d03b156b1f9b4fb6be74eb0b0879435fe1de0f2d1134ddec903,usdc,0x73c486791ffe8d03b156b1f9b4fb6be74eb0b0879435fe1de0f2d1134ddec903
base,Base,5,0xe708c0a4595de83135a8732ab87f2706d1ace7f7,true,2026-02-25T21:40:35.000Z,17,0x50c621c4b5ee93c94a8754ad5378f6578b2cf9e3e6bce9780c73123965b7790d,https://basescan.org/tx/0x50c621c4b5ee93c94a8754ad5378f6578b2cf9e3e6bce9780c73123965b7790d,usdc,0x50c621c4b5ee93c94a8754ad5378f6578b2cf9e3e6bce9780c73123965b7790d|0xf64f14949054183d3dce91f1f752e12074dd3241990b1f3a3390dd5669d597f0|0x94aabfd9f85dd17eeb043e77eb9014f5d060b5bfdb3986af699f3853e9828678|0x82eb1c092a12bfd0e791d48aee8b4865e462111ce7e2169dcd10cba0ad78531f|0x1368ffed0873e6949c72ebac80dbc219572dba767fdc9c31bc049552ea7a6ea8|0xdc737575b16c0f3ee9db1e9023f22b8c8d896a122bb0d7e04b19608335b377cc|0x28d404059fe9f62c744bd3d62a4ebfdb650e34e3223d2008a277c8ef1c203211|0x0876cae3bc5755d95e6e3fd8e15cf72bda090dd51b9cad1ff4b375247120afc6|0x9b0d716be8451569c26d873487934f36789f13c890f6ac3b4d18a8e0a07c6f0b|0x0daf053e57dfec2acc10db01796b2427c53f23bf932f4d160992f81abfe20540|0xfd7bb4d2cfe3b271d850511c4277bd8afdcfe60e95a4f3de14c9452ea39983ae|0xfe7a4a4da97e75ecfa37048d8e42af736472fe984a815e37410c6e5a0d05544a|0xbd2252d72be5c254488460d078c084aba2760f10c2bbe2d951ef888a5eb04be1|0xe40335d42f740068b5293befe8229c7bfecba973751a298f2f0d8d71523008cd|0x7d56aab497c1b3f1b84c5d22c4b9092909d61c6fcf49ec652289dfaa7bcfd1d1|0x174262acc9b249b2cac5b822e3a0ee58e4fbe74ce140dde6c304836fd3bb9101|0x8542bb0a0683025d4694c6dea1072b17cc19ae47bb463a1d151b1231d7c18c44
linea,Linea,5,0x4f6872a24ff019550048668094da427dcd49723a,true,2026-02-27T17:34:17.000Z,3,0x84e50d84b1235ee6b4f0d4c679e91ec1521ef4f49c4a42a8e9b5a669b10cb686,https://lineascan.build/tx/0x84e50d84b1235ee6b4f0d4c679e91ec1521ef4f49c4a42a8e9b5a669b10cb686,usdc,0x84e50d84b1235ee6b4f0d4c679e91ec1521ef4f49c4a42a8e9b5a669b10cb686|0xfdedc696aa0cc41a5325fb37833a20e1b41a9e27c759159d258f99326b35d032|0xb94036d86950ab96cc08c7e8122f2ba5fa93b2c80cac52f034b849de8922ea9a
mainnet,Ethereum Mainnet,5,0x36a644df529951324f5db6608fc5387f18a2a9ee,true,2026-02-25T21:54:11.000Z,2,0x517fbd58e261e865dd763c50f7d8bc2c35f3e88587a57a5326ea64beff3f1099,https://etherscan.io/tx/0x517fbd58e261e865dd763c50f7d8bc2c35f3e88587a57a5326ea64beff3f1099,usdc,0x517fbd58e261e865dd763c50f7d8bc2c35f3e88587a57a5326ea64beff3f1099|0x3d14681e1a4633fb0c391ee936c3842cc7bbe739c881ed8d7ffb7328aa61969b
optimism,Optimism,5,0xc373f2c4effd31626c79efcd891aa7759cf61886,true,2026-02-26T00:53:57.000Z,1,0x91ddd7b8c973dec6a99f03da475633aa54ede30d53c889a8afa6a32e84c4c80e,https://optimistic.etherscan.io/tx/0x91ddd7b8c973dec6a99f03da475633aa54ede30d53c889a8afa6a32e84c4c80e,usdc,0x91ddd7b8c973dec6a99f03da475633aa54ede30d53c889a8afa6a32e84c4c80e
scroll,Scroll,5,0x1a2b8dd1b3484a97ffb52d84b7ec98676e800ddc,true,2026-02-26T11:30:09.000Z,1,0x484afc6cc8c95ef29e352b3f6e9a05835915899908d45a15cfe2c79b0ee398b4,https://scrollscan.com/tx/0x484afc6cc8c95ef29e352b3f6e9a05835915899908d45a15cfe2c79b0ee398b4,usdc,0x484afc6cc8c95ef29e352b3f6e9a05835915899908d45a15cfe2c79b0ee398b4
sepolia,Sepolia Testnet,5,0xae322cee6a4d4cf9f90dc2de4983b80bce7f4bf5,true,2026-02-26T08:13:36.000Z,2,0x47e6d6dac21c469607c4398794f88a023c3c0f6d6305830ba8b97ec38709aa76,https://sepolia.etherscan.io/tx/0x47e6d6dac21c469607c4398794f88a023c3c0f6d6305830ba8b97ec38709aa76,usdc,0x47e6d6dac21c469607c4398794f88a023c3c0f6d6305830ba8b97ec38709aa76|0xa088247ffb2fb9d1dc3b4610258f2906dfa3fe28feab00bc2bf8e9b9968467e2
unichain,Unichain,5,0xa432291b8b93930b5f842f523316e0d0a3e98f75,true,2026-02-26T09:30:57.000Z,1,0x755519c5e0106c37d961777f10abe3dee429fef6b25d45d07e575056efedae61,https://unichain.blockscout.com/tx/0x755519c5e0106c37d961777f10abe3dee429fef6b25d45d07e575056efedae61,usdc,0x755519c5e0106c37d961777f10abe3dee429fef6b25d45d07e575056efedae61
arbitrum,Arbitrum One,6,0x764d42da0d23457bc6da50fb8ab1aebc3e635000,true,2026-02-25T23:42:18.000Z,2,0xc96021423fef7cd141610502e566ee289354ec80bc47e27852d51e6d18070c7f,https://arbiscan.io/tx/0xc96021423fef7cd141610502e566ee289354ec80bc47e27852d51e6d18070c7f,usdc,0xc96021423fef7cd141610502e566ee289354ec80bc47e27852d51e6d18070c7f|0x7787fbced2259a39a0b8998f86ee2d2f5cd0767226c5f0a19acc5d372e9c48c7
base,Base,6,0xe55b3031e1601bb092d96fee9b3a64ddbab30062,true,2026-02-25T21:41:05.000Z,14,0xcfc7ebfa02a18cc4e88d831e6101d722c6f733b6f2e9a956e77249e55b610aad,https://basescan.org/tx/0xcfc7ebfa02a18cc4e88d831e6101d722c6f733b6f2e9a956e77249e55b610aad,usdc,0xcfc7ebfa02a18cc4e88d831e6101d722c6f733b6f2e9a956e77249e55b610aad|0x977a5a0dccfc5dc56fa0944b0c63288ba011c23649ef183474cab8ed22c88f6a|0xa08f28f8b0fc77db75f5e864739c4d4f8ac43ac7095f4b15ba4a02c8742e491e|0x699073dd365e79438540ea5e44e7856cb164d13f9964a4166d747ee810054eec|0x2876c90e68e85c297ee6661747fd26ff050e5d5e30e48884c0f09d26ae49d418|0x6c17f03568075cf250fc288567bd4a99e376f947649222b25ab49a274ad46680|0xa5d224bc84ca37e33fafa7b9073a4b9257e2eed3d0463ad44d42c7f77907655c|0x39b8cd8f15a3d4a728f0dfceace1b00e3d476749c6bc502f9fe7a0da873941a1|0xb695171b68372c910e9e8b3cabc90b7c87a9604142b33ed0374d37c9e0bea4bf|0x739d947bd5a25db92f9d90684e1bb2fc5625b39462be602fd22337e6621727a5|0x3c5df8b137d9a3ac05584e68590b404fcd3c716a9c7008c6ac3f63eecb260c37|0x989cc90cd0c129b6fce0a88d5879ccf923f71189a25176d7f98d8dad9b34a34c|0x066e6a1a98a87605cdb67997a47f2ff256e9616765b9b6d0990527f1967cfc87|0x776b13ce7cce0ba057af2f9d0892923fc3e801a1ff6caf4f124164339a571de6
linea,Linea,6,0xfef37be95be608ed7277f777d8ba877ad70df125,true,2026-02-28T06:09:47.000Z,1,0x38fe1aac60619275c14840901fbc50094a30e326a6c2fa702ec5c17dcd780c2e,https://lineascan.build/tx/0x38fe1aac60619275c14840901fbc50094a30e326a6c2fa702ec5c17dcd780c2e,usdc,0x38fe1aac60619275c14840901fbc50094a30e326a6c2fa702ec5c17dcd780c2e
mainnet,Ethereum Mainnet,6,0x3d10ed16c911cd22d100cbc00165c918a2df66bc,true,2026-02-25T22:03:35.000Z,3,0xc28f7848f8eed808113573bbec148d33e6c7ddb28c9ac79e684b1f45f915fd69,https://etherscan.io/tx/0xc28f7848f8eed808113573bbec148d33e6c7ddb28c9ac79e684b1f45f915fd69,usdc,0xc28f7848f8eed808113573bbec148d33e6c7ddb28c9ac79e684b1f45f915fd69|0x5286d0a939b90bb947cf14c69879e4189d543b03b00d87cb03b5d1460dace7a7|0x534d02bcd4008a9267c74803764b772976103828223d06c64f32bd580ab05dc8
optimism,Optimism,6,0x53a385d47d3a011539ec377f53acb410f53ff97d,true,2026-02-26T01:22:33.000Z,2,0xbece1502818617f50548fd8715a7baee9d23a5c5554cf4f11d3200e61a0677a6,https://optimistic.etherscan.io/tx/0xbece1502818617f50548fd8715a7baee9d23a5c5554cf4f11d3200e61a0677a6,usdc,0xbece1502818617f50548fd8715a7baee9d23a5c5554cf4f11d3200e61a0677a6|0x9afe324f93f4f4788e03f8c04a97ec62e01544eb353a8021c67129d03545aca8
scroll,Scroll,6,0x7b9b63bc22261f15f48cb4d5f00eacb822ab6970,true,2026-02-26T17:21:10.000Z,1,0xa0c973957196d3cd0c2deaaace0f1284152a74159255c611cf78864fd14df0c0,https://scrollscan.com/tx/0xa0c973957196d3cd0c2deaaace0f1284152a74159255c611cf78864fd14df0c0,usdc,0xa0c973957196d3cd0c2deaaace0f1284152a74159255c611cf78864fd14df0c0
sepolia,Sepolia Testnet,6,0xe3c6eeba856bfe5a2c28cd39259a07b052468f9e,true,2026-02-26T09:30:48.000Z,1,0xd58ca73cefd9436c7273f952b7efcff91e9d89b3197d7a5fb3283ad8982d9076,https://sepolia.etherscan.io/tx/0xd58ca73cefd9436c7273f952b7efcff91e9d89b3197d7a5fb3283ad8982d9076,usdc,0xd58ca73cefd9436c7273f952b7efcff91e9d89b3197d7a5fb3283ad8982d9076
unichain,Unichain,6,0xe70493f65856fe2962bd5305ad579d178250b29a,true,2026-02-26T14:47:34.000Z,2,0x3cde0a6c9fd1c2787c64885fd39c34ac48e6baf2a34f49c13bc0e05445aa6363,https://unichain.blockscout.com/tx/0x3cde0a6c9fd1c2787c64885fd39c34ac48e6baf2a34f49c13bc0e05445aa6363,usdc,0x3cde0a6c9fd1c2787c64885fd39c34ac48e6baf2a34f49c13bc0e05445aa6363|0xb39f848a3b5ce34d651e6315ea906f9dde3d4dae1ceb9f3c62b3b1b0b7bc5149
arbitrum,Arbitrum One,7,0xd49df59160c7de8468df8ebf0b15eea1bf870440,true,2026-02-26T00:19:48.000Z,2,0xc44fffb7ed3dfe33a806795fec9a628e8b5be89c9a4a777088a179e6cd1d27a9,https://arbiscan.io/tx/0xc44fffb7ed3dfe33a806795fec9a628e8b5be89c9a4a777088a179e6cd1d27a9,usdc,0xc44fffb7ed3dfe33a806795fec9a628e8b5be89c9a4a777088a179e6cd1d27a9|0x9fc4ef3b8753a7eef9fd73bb602e5a018036ff6f7268b67000200ceb283fd042
base,Base,7,0x42c26811b9698d8be9ef061c9a15dce7b6aea9b9,true,2026-02-25T21:42:47.000Z,1,0xe044f4dec3bb554534c52d86a4f24ec7eb101ea79ab72c019e1eec428ede1136,https://basescan.org/tx/0xe044f4dec3bb554534c52d86a4f24ec7eb101ea79ab72c019e1eec428ede1136,usdc,0xe044f4dec3bb554534c52d86a4f24ec7eb101ea79ab72c019e1eec428ede1136
linea,Linea,7,0x76914c986ca7c04c7bdcb3e7f02a67f71e2a9eec,true,2026-02-28T09:09:41.000Z,1,0x38a6da5bf1203654e831ea0e4865138a916cd7b275d5716c9e9198eddbac7779,https://lineascan.build/tx/0x38a6da5bf1203654e831ea0e4865138a916cd7b275d5716c9e9198eddbac7779,usdc,0x38a6da5bf1203654e831ea0e4865138a916cd7b275d5716c9e9198eddbac7779
mainnet,Ethereum Mainnet,7,0x8b4aef82b3c1cc2243fb69435ea60891c70ba198,true,2026-02-25T22:04:35.000Z,1,0xb576acad9d484c2b46fe0ddabff8fb3d0f6035ab962dc65dfd49a2046135dd07,https://etherscan.io/tx/0xb576acad9d484c2b46fe0ddabff8fb3d0f6035ab962dc65dfd49a2046135dd07,usdc,0xb576acad9d484c2b46fe0ddabff8fb3d0f6035ab962dc65dfd49a2046135dd07
optimism,Optimism,7,0x2e8d0cc9ab070d1336188c907b565565f9c03bb5,true,2026-02-26T01:45:17.000Z,4,0xb064185892ec6f1246c320b8d0b84a37bbd5f387194d1ee4f6008bf1cd2ab838,https://optimistic.etherscan.io/tx/0xb064185892ec6f1246c320b8d0b84a37bbd5f387194d1ee4f6008bf1cd2ab838,usdc,0xb064185892ec6f1246c320b8d0b84a37bbd5f387194d1ee4f6008bf1cd2ab838|0x2afac9b84a9e1a5809315d476d92b2903f9eeab4068eaf832f5c5b7e0f208c79|0x62c7cd18e5f9349fb89ec6cd020537f61ff86a8b69cd9ebf311507a3c577b58b|0xe7eae44709d7001363ef84bb0b26405e043ad1ee59bcab47492bce62fecf18cd
scroll,Scroll,7,0x7e00a71caa97db13d5aa5749c3ed1b32ac397fc6,true,2026-02-26T18:06:45.000Z,1,0xf093c4fa3600b61c39cbeeebbc348ed2fa8e2b1d78a902152c17879a80af3529,https://scrollscan.com/tx/0xf093c4fa3600b61c39cbeeebbc348ed2fa8e2b1d78a902152c17879a80af3529,usdc,0xf093c4fa3600b61c39cbeeebbc348ed2fa8e2b1d78a902152c17879a80af3529
sepolia,Sepolia Testnet,7,0x51ddf44832a4234e101acd94b225b48238b66475,true,2026-02-26T12:52:36.000Z,8,0xb8b707fc0077976742a30ad1e9d362acf59cd4966160eb5543d359ec45250551,https://sepolia.etherscan.io/tx/0xb8b707fc0077976742a30ad1e9d362acf59cd4966160eb5543d359ec45250551,usdc,0xb8b707fc0077976742a30ad1e9d362acf59cd4966160eb5543d359ec45250551|0x778d37558fb29b6ee53b2642fc7d9d025f71820716d654dc38e244cf05667e03|0x860a6404b4d253811093125135b318115a033029f2c2ceff9b8cb7bdc0bc25b2|0x58f1e11441a4b3375ca10f48fde1efaf0b8e69572947f884a91d273834a06b6c|0x776cd8ae401f419092554eaa6cfd277afc44ebcafaa6d368a5aea602617bb6d5|0x825b857151ff99290d47ddc89ea1e495518d986b10b0621284e107b8c8f8c117|0x2e5d629ce3753629ca75c015cf2c371a0532196b496cc264ee6d605e21af6515|0xff3b1d4e39b3a44a52bf41e49128c446401b1ae09d6680a61627f323d3dd16cb
unichain,Unichain,7,0x40db66bbb62da0b7d49bb9a5d6572b6e85fde08e,true,2026-02-26T16:48:08.000Z,5,0x22882bf44074fbf2a13a2289d3d5c36645c27f8dd0720024d6083621d1a87ed6,https://unichain.blockscout.com/tx/0x22882bf44074fbf2a13a2289d3d5c36645c27f8dd0720024d6083621d1a87ed6,usdc,0x22882bf44074fbf2a13a2289d3d5c36645c27f8dd0720024d6083621d1a87ed6|0xb3a277bbe09285bf51f788bd2034a5961ef01a276612fc178b1ab6c03ac1868b|0xeed144c608265893cde890f0c3e450968de3fe7b1fad8c5fcf64cfad37fa7ee5|0xea8e6ee47fb96c7ceaffce3935faa3173cb58accd6d015ddae3814c08e6e42b9|0xea68a1bf0e0badb9a942ebdf7b108194ff7103fb8bd92c492cea40c194df6fdb
arbitrum,Arbitrum One,8,0x283132390ea87d6ecc20255b59ba94329ee17961,true,2026-02-26T00:38:07.000Z,1,0xe6372b38122c091e790b866365c9063935e5a43b5753e47ccea936c7d5ff5e6b,https://arbiscan.io/tx/0xe6372b38122c091e790b866365c9063935e5a43b5753e47ccea936c7d5ff5e6b,usdc,0xe6372b38122c091e790b866365c9063935e5a43b5753e47ccea936c7d5ff5e6b
base,Base,8,0xf97a638c484b98a76f84e5e8d0b5a7ae155f2e41,true,2026-02-25T21:43:39.000Z,17,0xe77ecb87b800eccd0ba9da94a839408f2ea4d7eb4305d54e59450cd8d733bf10,https://basescan.org/tx/0xe77ecb87b800eccd0ba9da94a839408f2ea4d7eb4305d54e59450cd8d733bf10,usdc,0xe77ecb87b800eccd0ba9da94a839408f2ea4d7eb4305d54e59450cd8d733bf10|0x202240b372236908faa8d595de6bee41b493e06769c59748e4a1b246b2cd2ff6|0xc7bf5b04a300434a5f92316440be53a49c4dc82878c7c8993a53d1485081ea89|0xd4df8b10072f782e46daaca1ce0e2507fadceb1157e40f6eb018ef92f4fff6bd|0xca59ac745d200319369aceb2f0dd1a4311e489724ff7667512cc6fe9b407d4aa|0xe0566bc1da57b7590b8a45715dc1c34ebc504366b6c11f800f4f26cb55ef7d7a|0x0d20e0982a75a92be9a48954af020fe5746868555c2a01ac5bc0ede9ef398ed5|0x6a1b64dce14b36a76ed3be9f96dff184ce87791e646382f89e5929b20325243a|0x062b51a5e363635458adf2699991c33a295f3d3bbfed6b06ede9c8208c37007d|0xafe6f428afdc669dede535619ca27ae4d4ca7d05b99f24e5ed923f6b50cfe533|0x7e211b0be3e0b46d9abb4c1c9be5529d2ce1b5c932109da7d7fcb67bbbf66f14|0x56a45e837efc535d64e055b175dbe37e5d13a01f3c3ef17dc71810194c3e45ad|0x127190bd19c220f819d6425281ac5b70fd72abde389c799b70a3c4ad554ddcc9|0x6e55a6e60d18dcd5b4e0c59c13c98ae8f5b0d5e2083859fac497dc43cb50d883|0x3663fd6d69155c4bf4ccc2d0eb15ae6e66a52f399eb5477d226268ce0db60806|0x72bf36a2651947fa053aa611b6a0b57ec89f845f767def7701ad16497a428e90|0xbbbb131e474fdaada2fff20938aea258296176c0f685549c1c9154c71983b2bf
mainnet,Ethereum Mainnet,8,0x285faec6d2c848a9ecfa121ddfc2cab6c63c9269,true,2026-02-25T22:07:11.000Z,3,0x96868eb44569837e12420ece5c8c2ad0af15df51d6202ebf7b7024d26b59b1e6,https://etherscan.io/tx/0x96868eb44569837e12420ece5c8c2ad0af15df51d6202ebf7b7024d26b59b1e6,usdc,0x96868eb44569837e12420ece5c8c2ad0af15df51d6202ebf7b7024d26b59b1e6|0x67dad8484e0636a4d4bae63bed97ff0bed91ef508e90986db125eacf4f5fec21|0xc7ef5520e0187f61899347a738d2d2c8c1ef15f773b075a538f7b590f23b4e63
optimism,Optimism,8,0x3c0ed9ab1a12ba804900da2807c09b8afec10f67,true,2026-02-26T04:01:35.000Z,1,0xc2e00cc7c8981a03e9c8fe4c0117c16adb6dc778c673f6aacf2b9c2f5384b536,https://optimistic.etherscan.io/tx/0xc2e00cc7c8981a03e9c8fe4c0117c16adb6dc778c673f6aacf2b9c2f5384b536,usdc,0xc2e00cc7c8981a03e9c8fe4c0117c16adb6dc778c673f6aacf2b9c2f5384b536
scroll,Scroll,8,0xcbfd8cece95b0fa33a6bb140a529e6f78095fa91,true,2026-02-26T19:06:28.000Z,1,0x646158dacb319b7bc66988e9e064e75ec10395c43014c79a30dcfcb4a7e0c808,https://scrollscan.com/tx/0x646158dacb319b7bc66988e9e064e75ec10395c43014c79a30dcfcb4a7e0c808,usdc,0x646158dacb319b7bc66988e9e064e75ec10395c43014c79a30dcfcb4a7e0c808
sepolia,Sepolia Testnet,8,0x046734b1888358760cfe4c45601eb0edd0aa174d,true,2026-02-26T17:06:36.000Z,2,0x08b803b7db42061238747c3525dddb4dea061afdcdfdcb54bb74abb9031944f8,https://sepolia.etherscan.io/tx/0x08b803b7db42061238747c3525dddb4dea061afdcdfdcb54bb74abb9031944f8,usdc,0x08b803b7db42061238747c3525dddb4dea061afdcdfdcb54bb74abb9031944f8|0xf459311432f1bb26e102dcce377c3b004527dd16021cd47b485f79f889048b64
arbitrum,Arbitrum One,9,0xcbeac83cc3dbd117abd998103e74bb7a1adecb6e,true,2026-02-26T01:40:24.000Z,1,0x757d1c2b32f5551af77e4c55e21552d8bb335fa1786fdb829cbbe63fcfb51049,https://arbiscan.io/tx/0x757d1c2b32f5551af77e4c55e21552d8bb335fa1786fdb829cbbe63fcfb51049,usdc,0x757d1c2b32f5551af77e4c55e21552d8bb335fa1786fdb829cbbe63fcfb51049
base,Base,9,0x54e2acab04c89a3fe02852bf8dd69ee8f526bc75,true,2026-02-25T21:47:45.000Z,1,0x140344e0c1c33a62da4c12ab50c59d66f4151b7b9db4aeee3e6198e00e8afeed,https://basescan.org/tx/0x140344e0c1c33a62da4c12ab50c59d66f4151b7b9db4aeee3e6198e00e8afeed,usdc,0x140344e0c1c33a62da4c12ab50c59d66f4151b7b9db4aeee3e6198e00e8afeed
mainnet,Ethereum Mainnet,9,0x7e5f060451fddf06e287b8168c4e458ccb7ad376,true,2026-02-25T22:12:23.000Z,5,0x25f26df8eac27d5e5f0ac440173a2044a26ce1187f417b78744f6935e843a96b,https://etherscan.io/tx/0x25f26df8eac27d5e5f0ac440173a2044a26ce1187f417b78744f6935e843a96b,usdc,0x25f26df8eac27d5e5f0ac440173a2044a26ce1187f417b78744f6935e843a96b|0x85997d8f20e8f33ebd261b68ce1c4a09f1f563b1d328dc0287660a88331ae409|0xa469c336763985e092086f2175593eb88736129086588fd64548521009fc8978|0x642b33d6b8a5df4ecf0e82126d40809c3a25584a53cbd863746e27547a91adee|0x6b3a47b4f9fa9a1c71cdd0c66d82d3344a0f52cfe1abaf47dc672f5df07bb947
optimism,Optimism,9,0xfcd50840fa8e1694558cf6f38dcb60f1cae5d64f,true,2026-02-26T05:57:07.000Z,3,0xadd11bd2993ce4275fb13e4ca9c354da8f92f146469e45d7f54e47058881b486,https://optimistic.etherscan.io/tx/0xadd11bd2993ce4275fb13e4ca9c354da8f92f146469e45d7f54e47058881b486,usdc,0xadd11bd2993ce4275fb13e4ca9c354da8f92f146469e45d7f54e47058881b486|0x008908edeb69c22cee95f567f0b99ecf95acf4b1389ea5c42073b0f3f299d7d7|0x8212152295efe3bbe9ec790c10b7313995aef975877a9a33c22143bbc5ff22ce
scroll,Scroll,9,0xc0628b9a751120a91e2013bca53f353d5acd5f31,true,2026-02-26T20:53:25.000Z,1,0x416188c1bf2ad4734bda7a912f8435c50dcf2702c3d994af2d95fe918b3775a5,https://scrollscan.com/tx/0x416188c1bf2ad4734bda7a912f8435c50dcf2702c3d994af2d95fe918b3775a5,usdc,0x416188c1bf2ad4734bda7a912f8435c50dcf2702c3d994af2d95fe918b3775a5
sepolia,Sepolia Testnet,9,0xaf026e42f5f8a0dde581bc214091219b8f4a5e6b,true,2026-02-26T17:12:36.000Z,1,0x69dd8b56500f1a8ef9725e5e9bc9bfd0e54c4b46c36ba9ccf6f08a81e1797ada,https://sepolia.etherscan.io/tx/0x69dd8b56500f1a8ef9725e5e9bc9bfd0e54c4b46c36ba9ccf6f08a81e1797ada,usdc,0x69dd8b56500f1a8ef9725e5e9bc9bfd0e54c4b46c36ba9ccf6f08a81e1797ada
arbitrum,Arbitrum One,10,0x9db2d78ca67a8dc1780dbf89c23704acd0cc14ee,true,2026-02-26T04:00:16.000Z,1,0x04d61fc96a14c359e5c395bd12d441f8c9ba92cc1f1133fbd2f445907873d03c,https://arbiscan.io/tx/0x04d61fc96a14c359e5c395bd12d441f8c9ba92cc1f1133fbd2f445907873d03c,usdc,0x04d61fc96a14c359e5c395bd12d441f8c9ba92cc1f1133fbd2f445907873d03c
base,Base,10,0xbd3da8ed7166c34f112be68bd70226b350c5c5dd,true,2026-02-25T21:48:03.000Z,15,0x9e3ee3f752da2746db690f9251e1afef3d97683662e724bf17157313e25b66b0,https://basescan.org/tx/0x9e3ee3f752da2746db690f9251e1afef3d97683662e724bf17157313e25b66b0,usdc,0x9e3ee3f752da2746db690f9251e1afef3d97683662e724bf17157313e25b66b0|0x0ca034f37d0abeab266bbff35d80747394c0c039415dfa242f2d2365998d265c|0xed97a608c13a316bb570f78b6fe448c3aa6c7c1c419cfd93d14f76fdfe34a994|0x4595e0d63d8eb718c8aac7da6ab7cda7e484897287b3d07fb53cb927d1573958|0xbff177843ccb23d086d0824ebcf8f4b8e09d96dea8163a01ad07d89c3f1fb722|0x7b878b61433055368bef6bf6e0ebf7d4dce6c6e4366c4ef244fedef46e3f3c54|0xb0337303942dcd2193891a041bcff313a23c5b5c1fcd496f04779bf3e4bd19f5|0x314815bcc12ff0b367ba65299ab91a46228c7941da4e0e1a4d0ee4ec72f889f9|0x248514f00736dd945cb422352036a3eac82e493bf95c500476d6c5e2cc7eef19|0x21231ad5db370346ec8f0aab2bcfe633fd7fcce0d0f3eb1cede4deafee269d4e|0x4e77b3de84abc1cb14f14097fc5d80e872c178fcf2071ba9268335323e225a24|0x19e26cf5ab9fd85a53f6a0106a4f985abde7a3d09959cd205b91f1a790a9f1cb|0x6ca7a5804d9963ea7795dc43b4e5a8617d05cef3bc83f469b8ffc5c6ab3ecbe7|0x2aa197ad4ac20f2d3c690268a7be85bb33433f97c8221254a8e1dc4f63c6b82a|0xa753d94c80a1e992b13c3590382a04efed649fc7d4677cc50023decd42c4ade8
mainnet,Ethereum Mainnet,10,0x67267fc6f3bfd1c0bc5abacd09bbc0858f8fd9e0,true,2026-02-25T22:17:59.000Z,1,0x7e49e3a646176a432a7b25f56d02203baf0839172af327811894c6b3d992f501,https://etherscan.io/tx/0x7e49e3a646176a432a7b25f56d02203baf0839172af327811894c6b3d992f501,usdc,0x7e49e3a646176a432a7b25f56d02203baf0839172af327811894c6b3d992f501
optimism,Optimism,10,0xfce0093a127e62985cd6500a47429d4c69d03d70,true,2026-02-26T07:01:19.000Z,1,0x4077eb859e28dc86509fada28ed6aaeb0792ab601cf3bd4bebbb53530e603f55,https://optimistic.etherscan.io/tx/0x4077eb859e28dc86509fada28ed6aaeb0792ab601cf3bd4bebbb53530e603f55,usdc,0x4077eb859e28dc86509fada28ed6aaeb0792ab601cf3bd4bebbb53530e603f55
scroll,Scroll,10,0xdead7f94da688543dcf661114abbf626a8386666,true,2026-02-26T22:40:32.000Z,1,0x36fa1a948eb4353f0e9739fac0431440a74c45c206b6718b64fa5ffaab116d99,https://scrollscan.com/tx/0x36fa1a948eb4353f0e9739fac0431440a74c45c206b6718b64fa5ffaab116d99,usdc,0x36fa1a948eb4353f0e9739fac0431440a74c45c206b6718b64fa5ffaab116d99
sepolia,Sepolia Testnet,10,0x6c97fdee2ac0157a52d1e7eafb69aa1828adb6fa,true,2026-02-26T17:18:36.000Z,2,0xd2bda898bbda2fe7e2e19a9b33c76bfa447b882f22c39f00c59bfdadb3611717,https://sepolia.etherscan.io/tx/0xd2bda898bbda2fe7e2e19a9b33c76bfa447b882f22c39f00c59bfdadb3611717,usdc,0xd2bda898bbda2fe7e2e19a9b33c76bfa447b882f22c39f00c59bfdadb3611717|0xbf6e280eeaee4a667e4218fe391886272faa3a2e8e62fcbcb8fe5df4915b3143
arbitrum,Arbitrum One,11,0xb42f812a44c22cc6b861478900401ee759ebead6,true,2026-02-26T04:00:57.000Z,1,0xb5c93b0ba70c6b873395c7be0420e6fc1db5ba5c6e4dc10ebdcc78b179e7281b,https://arbiscan.io/tx/0xb5c93b0ba70c6b873395c7be0420e6fc1db5ba5c6e4dc10ebdcc78b179e7281b,usdc,0xb5c93b0ba70c6b873395c7be0420e6fc1db5ba5c6e4dc10ebdcc78b179e7281b
base,Base,11,0x1278c1e48e3c9548a5d9f2b16dc27ed311b0697c,true,2026-02-25T21:48:29.000Z,1,0x90b5ebbc8356d014885565e13343a2e7de2fe8ecd82a31dcdd9c7d317fb4b344,https://basescan.org/tx/0x90b5ebbc8356d014885565e13343a2e7de2fe8ecd82a31dcdd9c7d317fb4b344,usdc,0x90b5ebbc8356d014885565e13343a2e7de2fe8ecd82a31dcdd9c7d317fb4b344
mainnet,Ethereum Mainnet,11,0xbb2a65cf93737ccb2733fc7e6e760ead8a10fa00,true,2026-02-25T23:14:47.000Z,1,0xd7ae649551653eb59251c7ee30bad097ae75b2ee66c9319cef0187115320a066,https://etherscan.io/tx/0xd7ae649551653eb59251c7ee30bad097ae75b2ee66c9319cef0187115320a066,usdc,0xd7ae649551653eb59251c7ee30bad097ae75b2ee66c9319cef0187115320a066
optimism,Optimism,11,0x79bdda65c706cbda69c0ad4c8da1d3e91724f48d,true,2026-02-26T07:57:53.000Z,1,0x69ec4b727f71ec435fe5a9ab36204a3c0138fd3b9da904ba7e6d9fbfa2f40464,https://optimistic.etherscan.io/tx/0x69ec4b727f71ec435fe5a9ab36204a3c0138fd3b9da904ba7e6d9fbfa2f40464,usdc,0x69ec4b727f71ec435fe5a9ab36204a3c0138fd3b9da904ba7e6d9fbfa2f40464
scroll,Scroll,11,0x8439a3b6ed9cf3771ba4b91c2812316a209ec194,true,2026-02-27T04:02:22.000Z,1,0xefa70f1c2f4568e02cf3818660974a8e884758737b799d6fc6514e6617c08674,https://scrollscan.com/tx/0xefa70f1c2f4568e02cf3818660974a8e884758737b799d6fc6514e6617c08674,usdc,0xefa70f1c2f4568e02cf3818660974a8e884758737b799d6fc6514e6617c08674
sepolia,Sepolia Testnet,11,0x16211e11c23c1288797867cf917c5e0c55b7adb0,true,2026-02-26T17:30:00.000Z,1,0x728daf5d63d0d6fa9a6c90ac2a69792b76c93885877f2e455cde12fd81b6f63f,https://sepolia.etherscan.io/tx/0x728daf5d63d0d6fa9a6c90ac2a69792b76c93885877f2e455cde12fd81b6f63f,usdc,0x728daf5d63d0d6fa9a6c90ac2a69792b76c93885877f2e455cde12fd81b6f63f
arbitrum,Arbitrum One,12,0xa16c855821d40e8103c0deaa9b9079e93ba4d54f,true,2026-02-26T04:49:43.000Z,1,0xeffd12473c3bb523698c04f47e2e679c164d128db5bfe07ef755b45eb1f0a242,https://arbiscan.io/tx/0xeffd12473c3bb523698c04f47e2e679c164d128db5bfe07ef755b45eb1f0a242,usdc,0xeffd12473c3bb523698c04f47e2e679c164d128db5bfe07ef755b45eb1f0a242
base,Base,12,0xfd4d36e59bb8b574103a3649c5a794e82c94e4d1,true,2026-02-25T22:02:31.000Z,1,0x8ab9dca40596ab83aa7653dbf719962f6fb720ef2c1a1faa48d33579056ddb00,https://basescan.org/tx/0x8ab9dca40596ab83aa7653dbf719962f6fb720ef2c1a1faa48d33579056ddb00,usdc,0x8ab9dca40596ab83aa7653dbf719962f6fb720ef2c1a1faa48d33579056ddb00
mainnet,Ethereum Mainnet,12,0x80c4d5ca53e7741cbe647567c9e5036d78afc02f,true,2026-02-25T23:20:47.000Z,2,0x670d6a90d767ba2b0fc5fcdd10a6d527c22ba9c1e1bee3295fd64b0e7859bada,https://etherscan.io/tx/0x670d6a90d767ba2b0fc5fcdd10a6d527c22ba9c1e1bee3295fd64b0e7859bada,usdc,0x670d6a90d767ba2b0fc5fcdd10a6d527c22ba9c1e1bee3295fd64b0e7859bada|0xaa664114901d71c7d648099323b08f2146f68e02c7c19c86353eaf97cd7cf992
optimism,Optimism,12,0x83bbe9cfcc205bb8e53cba0b51d6db9386ce58b5,true,2026-02-26T07:58:15.000Z,1,0x38802fab13463846895b8df77b0629359aa1467a2cd8eeda41a99a13641e3021,https://optimistic.etherscan.io/tx/0x38802fab13463846895b8df77b0629359aa1467a2cd8eeda41a99a13641e3021,usdc,0x38802fab13463846895b8df77b0629359aa1467a2cd8eeda41a99a13641e3021
scroll,Scroll,12,0xc52a2f987f79d29ae241bb62452ea76264ea567b,true,2026-02-27T05:09:33.000Z,1,0x5d22777e957cd65d5f6be710ce04bfe88eebf4324db965b549f1f9a9d45d0f4a,https://scrollscan.com/tx/0x5d22777e957cd65d5f6be710ce04bfe88eebf4324db965b549f1f9a9d45d0f4a,usdc,0x5d22777e957cd65d5f6be710ce04bfe88eebf4324db965b549f1f9a9d45d0f4a
sepolia,Sepolia Testnet,12,0x1b2bbf29490c33e74e5c83c2d238861b253b253e,true,2026-02-26T17:30:36.000Z,2,0xbf35c44df9193c463b4833a54650dbc4bd4462080be3fdec241c1a846e7f82ab,https://sepolia.etherscan.io/tx/0xbf35c44df9193c463b4833a54650dbc4bd4462080be3fdec241c1a846e7f82ab,usdc,0xbf35c44df9193c463b4833a54650dbc4bd4462080be3fdec241c1a846e7f82ab|0x8ecfebfa3f859cfcc2b90f86849e07062efa61be39f3b31d2f666adc53a74787
arbitrum,Arbitrum One,13,0x521c258ce66ab3c09f54e4671485939e55353016,true,2026-02-26T06:20:52.000Z,4,0xe2ba16853b159af705213d256b3e4281ea50075e991c95340454e379f382933a,https://arbiscan.io/tx/0xe2ba16853b159af705213d256b3e4281ea50075e991c95340454e379f382933a,usdc,0xe2ba16853b159af705213d256b3e4281ea50075e991c95340454e379f382933a|0xae5b7359561fdfa09c7f3bd6a9393b8787bfe303d3a95116f71c9e3692a59e86|0x54c947a6f0b74a1c48300aae1efbed1402e51a03c6a9cdeb13c74ff887fb22b5|0x2ef3a48381da527229fdea2bd1c9c0c1bb3305488abd204cae264859df472f64
base,Base,13,0xf109945302561dcbf6bede6a33f36602ae9537c0,true,2026-02-25T22:29:17.000Z,5,0x1dc7549ba8a1043526aa9433d89c9cc63ff2dea3c768610b992ba982d48d87ae,https://basescan.org/tx/0x1dc7549ba8a1043526aa9433d89c9cc63ff2dea3c768610b992ba982d48d87ae,usdc,0x1dc7549ba8a1043526aa9433d89c9cc63ff2dea3c768610b992ba982d48d87ae|0x43404544b752065080c29caff4fc833d5944b6bfa02c2a91c5ec8db1a78e5014|0x5afe71af3a79ade2e6cdce053b6c69d5240d6c88f981bcdcd80c6a55716a4a9a|0x83be8b0f74771d42f3cc71091175e13ba492318a9ad5ee2c3488a4ab5c7f634b|0xae188ced6c7d00b8dbcbf5a93b75ea98161cfc4b69ed86ddf20de95d046c22d8
optimism,Optimism,13,0xd23e4ecf6f32d29df61a3d6d4ddb95401b42d032,true,2026-02-26T09:17:39.000Z,1,0x1fb5f63001ca263eba73cc23dee040733e2c6695984873bb95c5082676dbdbf3,https://optimistic.etherscan.io/tx/0x1fb5f63001ca263eba73cc23dee040733e2c6695984873bb95c5082676dbdbf3,usdc,0x1fb5f63001ca263eba73cc23dee040733e2c6695984873bb95c5082676dbdbf3
sepolia,Sepolia Testnet,13,0xe4c9b43a08c054ef2b0a319aed3d7d4cf879ef49,true,2026-02-26T17:58:12.000Z,2,0xf5e54c3ca22e415b577590f3c8fb491647a7a4b75463117c3b7fc15eaf6a0bfe,https://sepolia.etherscan.io/tx/0xf5e54c3ca22e415b577590f3c8fb491647a7a4b75463117c3b7fc15eaf6a0bfe,usdc,0xf5e54c3ca22e415b577590f3c8fb491647a7a4b75463117c3b7fc15eaf6a0bfe|0x5b367920799966c77bba44606fa8ba51001e1ff05375a72777f6df7c34e1e95b
arbitrum,Arbitrum One,14,0x3d51cbfeaea061278d2b20b5da046869f29a20da,true,2026-02-26T06:51:50.000Z,1,0xc06227816aa75ad7e947c1533ee139ba7cb6d9d05587f7a93f2a93a5d56d174e,https://arbiscan.io/tx/0xc06227816aa75ad7e947c1533ee139ba7cb6d9d05587f7a93f2a93a5d56d174e,usdc,0xc06227816aa75ad7e947c1533ee139ba7cb6d9d05587f7a93f2a93a5d56d174e
base,Base,14,0xe7f7ee86b7e426120269543c66a512de3c4c2513,true,2026-02-25T23:03:39.000Z,2,0x1aa9226844ea587de86e85e2118561013494877cd1b7ba6f8897524fcbb4c84a,https://basescan.org/tx/0x1aa9226844ea587de86e85e2118561013494877cd1b7ba6f8897524fcbb4c84a,usdc,0x1aa9226844ea587de86e85e2118561013494877cd1b7ba6f8897524fcbb4c84a|0xc6a45bb009314bae42c5160ffa377d13a0c11479cb47e93920b8da747698d599
optimism,Optimism,14,0x2688100cceee41bff38980608bdf205785b0e2e5,true,2026-02-26T09:35:43.000Z,1,0xa1c1c57ee12d106e6f55834b98c10d5ffc4e9c42f5c94f132bdd7676c28937a7,https://optimistic.etherscan.io/tx/0xa1c1c57ee12d106e6f55834b98c10d5ffc4e9c42f5c94f132bdd7676c28937a7,usdc,0xa1c1c57ee12d106e6f55834b98c10d5ffc4e9c42f5c94f132bdd7676c28937a7
sepolia,Sepolia Testnet,14,0x0ae98efbd4807bf7d64eb6cd25c1ad55906694f9,true,2026-02-26T18:01:00.000Z,2,0xb3aa0d6c604f5b3104f03d836c51fb59777d69a835861b55b7addb2a5fe8aa3a,https://sepolia.etherscan.io/tx/0xb3aa0d6c604f5b3104f03d836c51fb59777d69a835861b55b7addb2a5fe8aa3a,usdc,0xb3aa0d6c604f5b3104f03d836c51fb59777d69a835861b55b7addb2a5fe8aa3a|0x7c0bc895a2af848c598cacd71bece466e555f03763658893bae054c96d9e0166
arbitrum,Arbitrum One,15,0x61f4678ea8c4e6402fbd390d58dc59c1ae2de3a7,true,2026-02-26T06:57:06.000Z,1,0xfb77b4fa3b90258f19a202af2984ddce6e4bb9872bfe7a0dd480231676f127df,https://arbiscan.io/tx/0xfb77b4fa3b90258f19a202af2984ddce6e4bb9872bfe7a0dd480231676f127df,usdc,0xfb77b4fa3b90258f19a202af2984ddce6e4bb9872bfe7a0dd480231676f127df
base,Base,15,0xabdeb653deed89afca88c51180d39ec175c24455,true,2026-02-25T23:10:27.000Z,2,0x4350d5e4f5d3078b83d7bedea80caaeaa9a8e475993ba5dd63b728102f53c1f7,https://basescan.org/tx/0x4350d5e4f5d3078b83d7bedea80caaeaa9a8e475993ba5dd63b728102f53c1f7,usdc,0x4350d5e4f5d3078b83d7bedea80caaeaa9a8e475993ba5dd63b728102f53c1f7|0xc15600366aa2f67e7a7da31817d694b75fb12bb1df76d1ce1db3d39ad2a51176
optimism,Optimism,15,0xc44e64a374f94b2eea61dffc470508102c6ac329,true,2026-02-26T10:46:57.000Z,1,0x264face76edc9b8d98e49c4a4de2c19827b9e3943609c2b7a777eeed55bdd7f7,https://optimistic.etherscan.io/tx/0x264face76edc9b8d98e49c4a4de2c19827b9e3943609c2b7a777eeed55bdd7f7,usdc,0x264face76edc9b8d98e49c4a4de2c19827b9e3943609c2b7a777eeed55bdd7f7
sepolia,Sepolia Testnet,15,0x249a5d7d6b6e5952f805a1eeb085bf94740e8c96,true,2026-02-26T18:03:12.000Z,2,0x00d755a2f59370ad1bf9207bb1dd23305df21beaf8a99162602a0c0dbf2f11ce,https://sepolia.etherscan.io/tx/0x00d755a2f59370ad1bf9207bb1dd23305df21beaf8a99162602a0c0dbf2f11ce,usdc,0x00d755a2f59370ad1bf9207bb1dd23305df21beaf8a99162602a0c0dbf2f11ce|0x3d4c368f9916560763442c7811b5135aad319aba89549a09d6e01da51b1ab2a3
arbitrum,Arbitrum One,16,0x821dbb4ed1a7d9bf25a12e156f4ec10d9af1f95c,true,2026-02-26T06:57:46.000Z,1,0x77baccd325899c07d0af0abb2710d8a2cba99052ab76f910564bdadf262fe5fb,https://arbiscan.io/tx/0x77baccd325899c07d0af0abb2710d8a2cba99052ab76f910564bdadf262fe5fb,usdc,0x77baccd325899c07d0af0abb2710d8a2cba99052ab76f910564bdadf262fe5fb
base,Base,16,0x2c70d7b76fc79481829974e43007c9912b192f46,true,2026-02-25T23:10:37.000Z,2,0x5dfcfa89704db36598b24783dcbad44f4785a63c67405e395a2193461d01d933,https://basescan.org/tx/0x5dfcfa89704db36598b24783dcbad44f4785a63c67405e395a2193461d01d933,usdc,0x5dfcfa89704db36598b24783dcbad44f4785a63c67405e395a2193461d01d933|0x0952af4f2e87060389f265c495fdecf7206a02dff7860e5361d4c11cdfec96b5
optimism,Optimism,16,0xcc9c37189f8ce8bd6e5c0ae0cce7a6bf40bff76a,true,2026-02-26T11:10:23.000Z,2,0xf73191b2b34f0cdef2d42b2f69c04722624f2db859966254f9dbfaae2d968ea7,https://optimistic.etherscan.io/tx/0xf73191b2b34f0cdef2d42b2f69c04722624f2db859966254f9dbfaae2d968ea7,usdc,0xf73191b2b34f0cdef2d42b2f69c04722624f2db859966254f9dbfaae2d968ea7|0xc5544af7c38d2bb9cb6ff02ed97d08c74b9aa22bf5d0eb684db18925d923a284
sepolia,Sepolia Testnet,16,0xceca8d46b1fab7d41ee5f1e68a30b767d17123b5,true,2026-02-26T19:54:36.000Z,1,0x4f689f1740bc7a53c374a2c4b091e4b66a1815a63dace421559e5f8c9313a3b7,https://sepolia.etherscan.io/tx/0x4f689f1740bc7a53c374a2c4b091e4b66a1815a63dace421559e5f8c9313a3b7,usdc,0x4f689f1740bc7a53c374a2c4b091e4b66a1815a63dace421559e5f8c9313a3b7
arbitrum,Arbitrum One,17,0xda3bd0d804c85e30e1a4c8777da1fe2c6f84b061,true,2026-02-26T07:09:25.000Z,1,0x6235b3679506f394054f0079d505033054e071784f6d071022a98494cba3d5f9,https://arbiscan.io/tx/0x6235b3679506f394054f0079d505033054e071784f6d071022a98494cba3d5f9,usdc,0x6235b3679506f394054f0079d505033054e071784f6d071022a98494cba3d5f9
base,Base,17,0x3d37f40ca77219bb2a0a586cde3dd93cb21f5dc1,true,2026-02-25T23:10:45.000Z,2,0x5fcbe97dc99f81d1d0110fcfe65c45622f85d14b1ab680b2b94338298270edc5,https://basescan.org/tx/0x5fcbe97dc99f81d1d0110fcfe65c45622f85d14b1ab680b2b94338298270edc5,usdc,0x5fcbe97dc99f81d1d0110fcfe65c45622f85d14b1ab680b2b94338298270edc5|0x623d9aa84b9627c776f9bb13f28513fde68f896a63418d9fa1a7285b5e876a6f
optimism,Optimism,17,0x5088bca6738bf6cf4d43610123778711582989e8,true,2026-02-26T11:26:21.000Z,2,0xa7892923071b20572131f9ade0569e41afaee1cddc5dbb41b9b44eb8ff9954f2,https://optimistic.etherscan.io/tx/0xa7892923071b20572131f9ade0569e41afaee1cddc5dbb41b9b44eb8ff9954f2,usdc,0xa7892923071b20572131f9ade0569e41afaee1cddc5dbb41b9b44eb8ff9954f2|0xd6ec8661d81dd86f2ba29618d5cf6e1c5c097011929c46bd0795ef59ef1fe6db
sepolia,Sepolia Testnet,17,0x4218a3a80869140462dedf33e6945e8a4d49b550,true,2026-02-27T03:27:00.000Z,1,0xb207f3b5c3cfdcb146889df9e78cfe2c9d3bc18be53a2d220f63805bb25742b5,https://sepolia.etherscan.io/tx/0xb207f3b5c3cfdcb146889df9e78cfe2c9d3bc18be53a2d220f63805bb25742b5,usdc,0xb207f3b5c3cfdcb146889df9e78cfe2c9d3bc18be53a2d220f63805bb25742b5
arbitrum,Arbitrum One,18,0x415bf3351a89c6170dd4363d6885500da5194bff,true,2026-02-26T07:59:07.000Z,1,0xc07ef54c0fe2adbe576926516ddd8d1064ad03a55ed7f8bc45b941eeeb6ad1fd,https://arbiscan.io/tx/0xc07ef54c0fe2adbe576926516ddd8d1064ad03a55ed7f8bc45b941eeeb6ad1fd,usdc,0xc07ef54c0fe2adbe576926516ddd8d1064ad03a55ed7f8bc45b941eeeb6ad1fd
base,Base,18,0xdf55eab8c0fc37b0433e497182a513e4956e4540,true,2026-02-25T23:11:57.000Z,2,0x3b6917fc1b833bc1e0caffef630924b2c25d2a5409ff6cb791599dccede175c2,https://basescan.org/tx/0x3b6917fc1b833bc1e0caffef630924b2c25d2a5409ff6cb791599dccede175c2,usdc,0x3b6917fc1b833bc1e0caffef630924b2c25d2a5409ff6cb791599dccede175c2|0x5b636048ff037f98d297258b86896523465a202c651298fa557501492949dd9a
optimism,Optimism,18,0x42125778903390bb64db3ca0be70a8fae77da872,true,2026-02-26T11:48:41.000Z,1,0x70b602fee40a74588318d6127b3e8e547fe5133e7c6a278414d2a8c2e1a83150,https://optimistic.etherscan.io/tx/0x70b602fee40a74588318d6127b3e8e547fe5133e7c6a278414d2a8c2e1a83150,usdc,0x70b602fee40a74588318d6127b3e8e547fe5133e7c6a278414d2a8c2e1a83150
sepolia,Sepolia Testnet,18,0x8561b831c6faff565ddc8c7c1b98762446934fa9,true,2026-02-27T03:27:12.000Z,1,0x2dac9294819ad2db8fc682488657213f8aa47ca928b23f4c88f186e7b9a78f67,https://sepolia.etherscan.io/tx/0x2dac9294819ad2db8fc682488657213f8aa47ca928b23f4c88f186e7b9a78f67,usdc,0x2dac9294819ad2db8fc682488657213f8aa47ca928b23f4c88f186e7b9a78f67
arbitrum,Arbitrum One,19,0x3bd3c99855140b0cc0d4fa8706242e2b77ca1200,true,2026-02-26T08:10:43.000Z,1,0x588b75cab6d1d8544a7d54ad6a4d279be05e2feccf17f34b84cdf6a6027f0147,https://arbiscan.io/tx/0x588b75cab6d1d8544a7d54ad6a4d279be05e2feccf17f34b84cdf6a6027f0147,usdc,0x588b75cab6d1d8544a7d54ad6a4d279be05e2feccf17f34b84cdf6a6027f0147
base,Base,19,0xb0d4fabae2efef905e9a611eab1b39c16890d036,true,2026-02-25T23:12:07.000Z,2,0xec01100a013ae942d76a0840171e16851a4de5f121def2ca1e9bd5d16985fe1b,https://basescan.org/tx/0xec01100a013ae942d76a0840171e16851a4de5f121def2ca1e9bd5d16985fe1b,usdc,0xec01100a013ae942d76a0840171e16851a4de5f121def2ca1e9bd5d16985fe1b|0x82a93bb96a1e7474690638fed354414d73e0a2872838b1f8b1ee0fc820b5df8c
optimism,Optimism,19,0x11ef20cfeb033a3513d75164175a2e2d68f9c396,true,2026-02-26T11:52:21.000Z,1,0xe45d40e616e8d26d4d940a1fa5c2b152b85be440e413213729f9256dcb062763,https://optimistic.etherscan.io/tx/0xe45d40e616e8d26d4d940a1fa5c2b152b85be440e413213729f9256dcb062763,usdc,0xe45d40e616e8d26d4d940a1fa5c2b152b85be440e413213729f9256dcb062763
sepolia,Sepolia Testnet,19,0x7075f6a33bfa27d0d592623eebe228673f1c12f8,true,2026-02-28T12:08:36.000Z,1,0x2055b468c72eb7b272f3f1c96913896f9741b8d2225d52df838c70af94b5a448,https://sepolia.etherscan.io/tx/0x2055b468c72eb7b272f3f1c96913896f9741b8d2225d52df838c70af94b5a448,usdc,0x2055b468c72eb7b272f3f1c96913896f9741b8d2225d52df838c70af94b5a448
arbitrum,Arbitrum One,20,0x09b51bbf0c1109c8d481934538f5d530426c8fe6,true,2026-02-26T08:19:18.000Z,2,0xf0e4388b1361840baad24b36d3283bf879e283c7e2cb311534d5f761044a3de2,https://arbiscan.io/tx/0xf0e4388b1361840baad24b36d3283bf879e283c7e2cb311534d5f761044a3de2,usdc,0xf0e4388b1361840baad24b36d3283bf879e283c7e2cb311534d5f761044a3de2|0xb93efbd5d32759f2d49e88d46a7efae040640d9881e07e438de6161773831867
base,Base,20,0xded651deb4a5fa92e741843b556110c3f1090e88,true,2026-02-25T23:12:33.000Z,2,0xe3b16c90ae403d63a0232fd284e022c91a799bf4904aa735dcd090b2207102db,https://basescan.org/tx/0xe3b16c90ae403d63a0232fd284e022c91a799bf4904aa735dcd090b2207102db,usdc,0xe3b16c90ae403d63a0232fd284e022c91a799bf4904aa735dcd090b2207102db|0x927e0102dde8fc068e1bd02a8988e9890bc7b8302d812e8f9a53a607155485e6
optimism,Optimism,20,0x53e6a5f63cd19431af000e657891f29aff647176,true,2026-02-26T11:53:39.000Z,1,0x318801c32acd6cdab6d328d1d4a137348ae36b09e90e35e6944fc6ceee060e26,https://optimistic.etherscan.io/tx/0x318801c32acd6cdab6d328d1d4a137348ae36b09e90e35e6944fc6ceee060e26,usdc,0x318801c32acd6cdab6d328d1d4a137348ae36b09e90e35e6944fc6ceee060e26
sepolia,Sepolia Testnet,20,0x57a48ac77bbe6bb8b98233cd1fbb656fa0afdd5c,true,2026-02-28T21:36:24.000Z,2,0xd68e4ab6f029abf8713f9ae85cb259551d3bd91a9a93fd0e483fec65183e60e4,https://sepolia.etherscan.io/tx/0xd68e4ab6f029abf8713f9ae85cb259551d3bd91a9a93fd0e483fec65183e60e4,usdc,0xd68e4ab6f029abf8713f9ae85cb259551d3bd91a9a93fd0e483fec65183e60e4|0x1c56f03a596d618a2588d531dd177c04ad2bf84d684b4d1083f7347f099dd67b
arbitrum,Arbitrum One,21,0x73273a4f1ddd88bda11d59d20a52f4ce871cd280,true,2026-02-26T08:23:58.000Z,1,0x2b1b644c31dce067d69865d7b0ec446110adfc96e446ac828c00b5a9d7bd7390,https://arbiscan.io/tx/0x2b1b644c31dce067d69865d7b0ec446110adfc96e446ac828c00b5a9d7bd7390,usdc,0x2b1b644c31dce067d69865d7b0ec446110adfc96e446ac828c00b5a9d7bd7390
base,Base,21,0x0ddb3ffec43fe48e24f925cf37079807e7fd6aa0,true,2026-02-25T23:12:49.000Z,2,0x6c4b5bc6ec43771faf0731a97f071ce8d9e63bbd35d31092277f748a9348e1a8,https://basescan.org/tx/0x6c4b5bc6ec43771faf0731a97f071ce8d9e63bbd35d31092277f748a9348e1a8,usdc,0x6c4b5bc6ec43771faf0731a97f071ce8d9e63bbd35d31092277f748a9348e1a8|0x29a5edf26e28e995ac00f4b7a769116e1a462337df7894cb29dc81f11dccfc21
optimism,Optimism,21,0xcdb440b09d6d09ab00b4e82f8dd639182441ed4a,true,2026-02-26T12:10:55.000Z,1,0xaeb900cde6b4de68a8ec7ee084b573054713f2030a77e2d3060070e04976a145,https://optimistic.etherscan.io/tx/0xaeb900cde6b4de68a8ec7ee084b573054713f2030a77e2d3060070e04976a145,usdc,0xaeb900cde6b4de68a8ec7ee084b573054713f2030a77e2d3060070e04976a145
sepolia,Sepolia Testnet,21,0xa7530d91dbada5e327470c7ab8816f888046fba1,true,2026-03-01T17:29:12.000Z,1,0x5dfa299912df1ff1c0ea1ecdc353cd776ed30da996922eaea940aabf3cf25317,https://sepolia.etherscan.io/tx/0x5dfa299912df1ff1c0ea1ecdc353cd776ed30da996922eaea940aabf3cf25317,usdc,0x5dfa299912df1ff1c0ea1ecdc353cd776ed30da996922eaea940aabf3cf25317
arbitrum,Arbitrum One,22,0xb01caea8c6c47bbf4f4b4c5080ca642043359c2e,true,2026-02-26T08:25:34.000Z,1,0x49daeca4d644af21038edbdd3c87a2e948a66f74bd9c22e1125188608a172478,https://arbiscan.io/tx/0x49daeca4d644af21038edbdd3c87a2e948a66f74bd9c22e1125188608a172478,usdc,0x49daeca4d644af21038edbdd3c87a2e948a66f74bd9c22e1125188608a172478
base,Base,22,0xa61ca4993b8b173754d72d1d4e42788220a866e5,true,2026-02-25T23:13:21.000Z,2,0xb2f58a0ca67d3c701d2bca5150261f545a19642dba55506597529173db04b336,https://basescan.org/tx/0xb2f58a0ca67d3c701d2bca5150261f545a19642dba55506597529173db04b336,usdc,0xb2f58a0ca67d3c701d2bca5150261f545a19642dba55506597529173db04b336|0x1fad2687106a8bf19b2c57d406cc6c186aa2d0b17030f44fe1920aa6057aa953
optimism,Optimism,22,0xe0a611b8fc2d873f6b271cb1de07c0c9eaae509b,true,2026-02-26T12:18:03.000Z,1,0x4c6354f8385351df656030c62e1290a8cbb1c1e2288c61a1c1a7f86a3bc86836,https://optimistic.etherscan.io/tx/0x4c6354f8385351df656030c62e1290a8cbb1c1e2288c61a1c1a7f86a3bc86836,usdc,0x4c6354f8385351df656030c62e1290a8cbb1c1e2288c61a1c1a7f86a3bc86836
sepolia,Sepolia Testnet,22,0xcd5586b8e6c2d18c86ce196b20532acae92cbf26,true,2026-03-01T21:38:00.000Z,7,0x985c3cb084c43efe6d7156c1472c24dec8dbbc1dec376130784afb3601fa525c,https://sepolia.etherscan.io/tx/0x985c3cb084c43efe6d7156c1472c24dec8dbbc1dec376130784afb3601fa525c,usdc,0x985c3cb084c43efe6d7156c1472c24dec8dbbc1dec376130784afb3601fa525c|0xe5de030a5a2c21874be8cbc341f8c508c1dc654e4f99d09d3b703fc3a36505c1|0x00bc2e22681c6679e186a2bfad93fb68cd22675c611fa7eb39a0968436fe3234|0x86793022e9bea2c72fe430a9a129b107b944446be667ee0358fc31d8629ae892|0x7c5e2c27f8cb588f621d571ff36c12c204d0f6c67e415eaf0adf1fa19771ec5a|0xb646a885d9a444aa6b9fdfecda024414e034e64c1f450565caebc2ef016d3976|0xc1b00e562c38bc198109223003157647c303a59e6562893b6cce8f56438929d9
arbitrum,Arbitrum One,23,0x844d39d9215c40b47a703f2ecf8da43e20b5b687,true,2026-02-26T08:57:47.000Z,1,0x906481ed2310283f54e738bb8b6e20bf974e60b4e4922b20374768d773351466,https://arbiscan.io/tx/0x906481ed2310283f54e738bb8b6e20bf974e60b4e4922b20374768d773351466,usdc,0x906481ed2310283f54e738bb8b6e20bf974e60b4e4922b20374768d773351466
base,Base,23,0xc8333651c5e6314803edb79fdf36eb63a788ba4e,true,2026-02-25T23:13:33.000Z,2,0x19cba140627712e8ace9e34f859dbdedf7cc9582aa9ff2d16ab3def873b84294,https://basescan.org/tx/0x19cba140627712e8ace9e34f859dbdedf7cc9582aa9ff2d16ab3def873b84294,usdc,0x19cba140627712e8ace9e34f859dbdedf7cc9582aa9ff2d16ab3def873b84294|0x284a6a1c126a8459870b824000654b1fec28afe7f7a6743ac80862d4141fb1c2
sepolia,Sepolia Testnet,23,0xf597c5296cb15faad89d9832a847436bd0c5f3e7,true,2026-03-03T07:51:12.000Z,1,0xfd4e785f91c689f10cc92b583b6fa3e0314f3adc8c894cfe7a00843a39748950,https://sepolia.etherscan.io/tx/0xfd4e785f91c689f10cc92b583b6fa3e0314f3adc8c894cfe7a00843a39748950,usdc,0xfd4e785f91c689f10cc92b583b6fa3e0314f3adc8c894cfe7a00843a39748950
arbitrum,Arbitrum One,24,0xfaec4b34da145ea3853a80fbd5aaa4bd8332dcab,true,2026-02-26T10:02:08.000Z,3,0x644a60c20e5d2a6353fa500b0bb3b222e35fed349f648a9e589db4af55d88de4,https://arbiscan.io/tx/0x644a60c20e5d2a6353fa500b0bb3b222e35fed349f648a9e589db4af55d88de4,usdc,0x644a60c20e5d2a6353fa500b0bb3b222e35fed349f648a9e589db4af55d88de4|0xe718ea676af7d0e76fc6e81b7af30424a4eda8fbc030296d4844d93e09019858|0x5faa1b0c46804bbfbd57c080f6c54241fde78401f4c66ed31aef894a9d7224dc
base,Base,24,0xb6d0c6b2b100b872a4df67c0d51dbd3f2f0dc23f,true,2026-02-25T23:15:31.000Z,2,0xb4178502c508358de3713e3f6d5f132880ce093e9ff8bb4a5d1230d0a10923f7,https://basescan.org/tx/0xb4178502c508358de3713e3f6d5f132880ce093e9ff8bb4a5d1230d0a10923f7,usdc,0xb4178502c508358de3713e3f6d5f132880ce093e9ff8bb4a5d1230d0a10923f7|0x8dbc701d1c5f00ac3313853905236ce811922a16e23dd6fbd8e948bd63aae49b
sepolia,Sepolia Testnet,24,0x16e79ff9697cef2dcdc4ca6492129845ef2cb7df,true,2026-03-03T08:51:24.000Z,4,0x31a876489fc3b05510c25a0a01c1d368483e6b52229c2623204f28eeb518c939,https://sepolia.etherscan.io/tx/0x31a876489fc3b05510c25a0a01c1d368483e6b52229c2623204f28eeb518c939,usdc,0x31a876489fc3b05510c25a0a01c1d368483e6b52229c2623204f28eeb518c939|0x7ead9ce5a62f04b39d36aa56185a78d30216cccb11947c2c12f46a724366505b|0x19759832699ddfa938f010bd42404dcdb1a1e6b07f1eee8633ed014b5e21450a|0x76864adc4311ac0c7159e39698c453de68137d65f6700ee672cc468785ede77f
arbitrum,Arbitrum One,25,0xc37fd37e910d9c4f396c9c7f14e8fb4921a5b522,true,2026-02-26T10:17:39.000Z,2,0x5103f58fe702e529faf89edef53b18aeaeecb4e5649d16d1f89e45881a39e548,https://arbiscan.io/tx/0x5103f58fe702e529faf89edef53b18aeaeecb4e5649d16d1f89e45881a39e548,usdc,0x5103f58fe702e529faf89edef53b18aeaeecb4e5649d16d1f89e45881a39e548|0xd290d0ed53e48f174717fa6ad146b67fbed2cd1ff9caadb2d5926252f9fd6787
base,Base,25,0x9f3a0290ea8f569624d62d258e9c10be15312732,true,2026-02-25T23:19:19.000Z,2,0x1ca2df204ee5567fe13ec8beddd19bc42db5d1bf8c2ecda6df09b2b43e81ecb2,https://basescan.org/tx/0x1ca2df204ee5567fe13ec8beddd19bc42db5d1bf8c2ecda6df09b2b43e81ecb2,usdc,0x1ca2df204ee5567fe13ec8beddd19bc42db5d1bf8c2ecda6df09b2b43e81ecb2|0x19d6bf6071e9c7669aa901058b4cbf2b09e26cd8e0d11cb5d3850a3285e56c4f
sepolia,Sepolia Testnet,25,0x667d8368ac55c469b7aacdb38776bcc5ae585099,true,2026-03-03T12:01:36.000Z,4,0x0dcde1b5589d94716fcff9941e3957b0928677a2dffa835d3ca968a898cb9e53,https://sepolia.etherscan.io/tx/0x0dcde1b5589d94716fcff9941e3957b0928677a2dffa835d3ca968a898cb9e53,usdc,0x0dcde1b5589d94716fcff9941e3957b0928677a2dffa835d3ca968a898cb9e53|0x5c0d8a44db8b4dc7a6b91fd6cdcef8fca408f21ae18fcb13fbedc5471d4b4c88|0x275069f1fc941d634460ddd078f2ab2b532d7c2a22b2fc0a8ba56da787a45131|0x1e913dc7ed7ceea9bfcc059dee06268bc20b3e5b0132a507cf41cee83c01ffc3
arbitrum,Arbitrum One,26,0x696a2a2db748e7ef00edab1ed361793766193da5,true,2026-02-26T10:30:58.000Z,3,0x38a7238c34c1ed19c5fa342d8be5ca24a1002ad440ed3ea44a61ccf2cb9ecc7c,https://arbiscan.io/tx/0x38a7238c34c1ed19c5fa342d8be5ca24a1002ad440ed3ea44a61ccf2cb9ecc7c,usdc,0x38a7238c34c1ed19c5fa342d8be5ca24a1002ad440ed3ea44a61ccf2cb9ecc7c|0x9adbe2ee3f8e3d88d9e14ab43661b93d05fe30e7d8bfe99fba1c9fe8e2091bf9|0x249aed4a6de309162e4b9321530bf26ee029d09f11d4899668b97000e2bc9176
base,Base,26,0x55299555e91243b1bb45236cca784a2ccac9871b,true,2026-02-25T23:21:15.000Z,2,0x36dc96b3ff14fec8f51b013767a9b8d212ba79ee037a2671610eb11cedf6a3a0,https://basescan.org/tx/0x36dc96b3ff14fec8f51b013767a9b8d212ba79ee037a2671610eb11cedf6a3a0,usdc,0x36dc96b3ff14fec8f51b013767a9b8d212ba79ee037a2671610eb11cedf6a3a0|0x7af8b7bad219b20032097a9d866eb686e3b6b06b23e774b77bf6ff36fae261f1
sepolia,Sepolia Testnet,26,0xb7c5c0e6f10ed31bd555de096904f8a800074cf9,true,2026-03-04T06:27:12.000Z,2,0x0a4f0ceaf798b63b127dd51bc00ad831e16ed5ea07a959689ec4f1b3e3a7565e,https://sepolia.etherscan.io/tx/0x0a4f0ceaf798b63b127dd51bc00ad831e16ed5ea07a959689ec4f1b3e3a7565e,usdc,0x0a4f0ceaf798b63b127dd51bc00ad831e16ed5ea07a959689ec4f1b3e3a7565e|0xe7296c5b714a3af5cde65d6e1b4572749e921a5fdf73f672d77c68c00ff7c273
arbitrum,Arbitrum One,27,0x6a109686aae0ceb6e4749c09a3c67eec6cdca093,true,2026-02-26T10:39:02.000Z,2,0xaccd28d302a1ad1635f578712b2bc1806556adc74e60388d2644899a505c10a1,https://arbiscan.io/tx/0xaccd28d302a1ad1635f578712b2bc1806556adc74e60388d2644899a505c10a1,usdc,0xaccd28d302a1ad1635f578712b2bc1806556adc74e60388d2644899a505c10a1|0x2f2bed66da24cd9223b13ca03e5ce8e5150366db3e0599f0ab24f696e3627b6d
base,Base,27,0xaec675d4d9f0786abf97fec0990fbf0afcdd149d,true,2026-02-25T23:23:25.000Z,2,0x8480230716163e50f37cf015f68c7d3f820b6de4fab860fb411b54ecbafe6073,https://basescan.org/tx/0x8480230716163e50f37cf015f68c7d3f820b6de4fab860fb411b54ecbafe6073,usdc,0x8480230716163e50f37cf015f68c7d3f820b6de4fab860fb411b54ecbafe6073|0x2efad176be384a68a7b6d4f1b604347c92635a654d3aa25e634454c0faf9b7cb
sepolia,Sepolia Testnet,27,0x112eb1ab0da8837f09966e7b23653c130ac8a094,true,2026-03-04T07:17:48.000Z,2,0x588135544232b9adaeac11a9a04ed1b48dbd620b1a1b51f19b492bd5bd447f83,https://sepolia.etherscan.io/tx/0x588135544232b9adaeac11a9a04ed1b48dbd620b1a1b51f19b492bd5bd447f83,usdc,0x588135544232b9adaeac11a9a04ed1b48dbd620b1a1b51f19b492bd5bd447f83|0xc8374f855859233a2360f4718908fc0e288d2612de13942c34471f3f47a838f5
arbitrum,Arbitrum One,28,0x1f6fd004d9520e519979b3cfa5ca9f36320c4e26,true,2026-02-26T10:44:19.000Z,1,0x17bbc5cfc1a3a2d1e0bb2f4cf4ba2852812ecfa7228b3a33839f2fbd5139031b,https://arbiscan.io/tx/0x17bbc5cfc1a3a2d1e0bb2f4cf4ba2852812ecfa7228b3a33839f2fbd5139031b,usdc,0x17bbc5cfc1a3a2d1e0bb2f4cf4ba2852812ecfa7228b3a33839f2fbd5139031b
base,Base,28,0xeb73825743cc8773d71fd642f9d2f2ef4dc04ad3,true,2026-02-25T23:24:23.000Z,2,0x088eb0ad4f6ad66501a971dd6af4b6d26f659506886113319555713d54d0d9ba,https://basescan.org/tx/0x088eb0ad4f6ad66501a971dd6af4b6d26f659506886113319555713d54d0d9ba,usdc,0x088eb0ad4f6ad66501a971dd6af4b6d26f659506886113319555713d54d0d9ba|0x3813749895238944946a0b5b81585cfc59e8ce63d4fb84c6ea984126c178d771
sepolia,Sepolia Testnet,28,0x548ca64e4b0aa42ea59adbdd84495a4a16c2a234,true,2026-03-04T17:33:24.000Z,3,0xaa9d6e3ad2308a59911c6f298636a4aae19b80558cfe05dc09e7851be7d9ec47,https://sepolia.etherscan.io/tx/0xaa9d6e3ad2308a59911c6f298636a4aae19b80558cfe05dc09e7851be7d9ec47,usdc,0xaa9d6e3ad2308a59911c6f298636a4aae19b80558cfe05dc09e7851be7d9ec47|0xa064daca7e283398eb7349ef64dd18ed21eb0f69e3eb3bede0d0017b7e2851bb|0xad65626f58f2ab831cda9e5d5163d2cee09ea2257ad8f7a465525b19c0aa4cd5
base,Base,29,0x8070d15a285a388069cc70546bbb62f17f0edd52,true,2026-02-25T23:24:55.000Z,2,0x6b673ea4a07faad716213c1aee279a1ff8c30ce31e1fe6faae4341e55edbacab,https://basescan.org/tx/0x6b673ea4a07faad716213c1aee279a1ff8c30ce31e1fe6faae4341e55edbacab,usdc,0x6b673ea4a07faad716213c1aee279a1ff8c30ce31e1fe6faae4341e55edbacab|0xb8f6e80ae5a2a8d99e361b9b21dd71577026c149cde66e2fa93a85dbe0c8623c
sepolia,Sepolia Testnet,29,0x492b55303116d4725fe02188150e9610ac2ce4f9,true,2026-03-04T19:48:48.000Z,2,0xf4fd13c4bdc8eb4b9080d31d007ba8a086d20eb697b3be3461baf6b58ab43c45,https://sepolia.etherscan.io/tx/0xf4fd13c4bdc8eb4b9080d31d007ba8a086d20eb697b3be3461baf6b58ab43c45,usdc|weth,0xf4fd13c4bdc8eb4b9080d31d007ba8a086d20eb697b3be3461baf6b58ab43c45|0xf3f32299242734c4a181c185868d74dccb4cb4a522058f5c0e6d560cf8ea94b6
base,Base,30,0xbe823495855398d8f2b490e8d68af359999287bd,true,2026-02-25T23:28:23.000Z,2,0xcf8bf7746a343d6880a7483db6e9e4209ce658106371e79fd0f84d168cd8b312,https://basescan.org/tx/0xcf8bf7746a343d6880a7483db6e9e4209ce658106371e79fd0f84d168cd8b312,usdc,0xcf8bf7746a343d6880a7483db6e9e4209ce658106371e79fd0f84d168cd8b312|0xf831415294aaa2cedde4a85255e4b078f9f58fe0e3a844fc2404d1a78bef3365
sepolia,Sepolia Testnet,30,0xe7c246d6f426c0c54ac4011666d4a7d37037f79e,true,2026-03-05T01:52:24.000Z,2,0x5afc62bf166302083c8a34a512688e562aa0ddb81f95e88d0b8cd7dadb3318da,https://sepolia.etherscan.io/tx/0x5afc62bf166302083c8a34a512688e562aa0ddb81f95e88d0b8cd7dadb3318da,usdc,0x5afc62bf166302083c8a34a512688e562aa0ddb81f95e88d0b8cd7dadb3318da|0xf38f59421e1578fb8c8c8c10e9ea9efd284278e47cd54918118693849ce95744
base,Base,31,0x24116d95341b9261bb5e2710a3603e6f2826055d,true,2026-02-25T23:32:05.000Z,2,0xc893549158d0e1ea04790ff6a2b57d901ffc8f1bb61e2e508b9424510a030730,https://basescan.org/tx/0xc893549158d0e1ea04790ff6a2b57d901ffc8f1bb61e2e508b9424510a030730,usdc,0xc893549158d0e1ea04790ff6a2b57d901ffc8f1bb61e2e508b9424510a030730|0x180bb0eb48952323f32638ba9d530bbd116107997af29f263c72e14743faba7f
sepolia,Sepolia Testnet,31,0x3ae97f9c095b819e648c5a136ebb6c7da2d27a40,true,2026-03-05T06:49:48.000Z,1,0x845bb97ccc9e5ee2eb8de1ca62bc387f67dd78409aa1f05c6d2294b0e07152a7,https://sepolia.etherscan.io/tx/0x845bb97ccc9e5ee2eb8de1ca62bc387f67dd78409aa1f05c6d2294b0e07152a7,usdc,0x845bb97ccc9e5ee2eb8de1ca62bc387f67dd78409aa1f05c6d2294b0e07152a7
base,Base,32,0x8200d73858fe0bc0ad8646ebcb794cdbec3e3e94,true,2026-02-25T23:35:25.000Z,2,0x8690d51bad4bbc87a75bd8e7d672addda637512879c41d0d8ab3ba0ce3526f8f,https://basescan.org/tx/0x8690d51bad4bbc87a75bd8e7d672addda637512879c41d0d8ab3ba0ce3526f8f,usdc,0x8690d51bad4bbc87a75bd8e7d672addda637512879c41d0d8ab3ba0ce3526f8f|0x061af116b124992ab91209b9bb421ce5076c2a606ebeae131c77f05619f3c285
sepolia,Sepolia Testnet,32,0xa19693104a453ecb75cdee592a159e1457f28eb3,true,2026-03-06T05:52:24.000Z,1,0x7a431eff85ece46110a2bd98f41b3407b95c1a58fadd7f8d526a944c1200823c,https://sepolia.etherscan.io/tx/0x7a431eff85ece46110a2bd98f41b3407b95c1a58fadd7f8d526a944c1200823c,usdc,0x7a431eff85ece46110a2bd98f41b3407b95c1a58fadd7f8d526a944c1200823c
sepolia,Sepolia Testnet,33,0x6cd9b04f4103e8ee48ad05e9d9f1ccd94599d941,true,2026-03-06T07:46:12.000Z,1,0xbf194f632f90fe3590c5b4594b590aa021395261ecbfef9e386dc79939f67332,https://sepolia.etherscan.io/tx/0xbf194f632f90fe3590c5b4594b590aa021395261ecbfef9e386dc79939f67332,usdc,0xbf194f632f90fe3590c5b4594b590aa021395261ecbfef9e386dc79939f67332
