rank_first_seen,wallet,first_seen_utc,last_seen_utc,tx_count,chains,chain_names,target_types,market_keys,tx_hashes
105,0x16e79ff9697cef2dcdc4ca6492129845ef2cb7df,2026-03-03T08:51:24.000Z,2026-03-03T11:36:36.000Z,4,sepolia,Sepolia Testnet,comet,usdc,0x31a876489fc3b05510c25a0a01c1d368483e6b52229c2623204f28eeb518c939|0x7ead9ce5a62f04b39d36aa56185a78d30216cccb11947c2c12f46a724366505b|0x19759832699ddfa938f010bd42404dcdb1a1e6b07f1eee8633ed014b5e21450a|0x76864adc4311ac0c7159e39698c453de68137d65f6700ee672cc468785ede77f
108,0x667d8368ac55c469b7aacdb38776bcc5ae585099,2026-03-03T12:01:36.000Z,2026-03-03T12:38:12.000Z,4,sepolia,Sepolia Testnet,comet,usdc,0x0dcde1b5589d94716fcff9941e3957b0928677a2dffa835d3ca968a898cb9e53|0x5c0d8a44db8b4dc7a6b91fd6cdcef8fca408f21ae18fcb13fbedc5471d4b4c88|0x275069f1fc941d634460ddd078f2ab2b532d7c2a22b2fc0a8ba56da787a45131|0x1e913dc7ed7ceea9bfcc059dee06268bc20b3e5b0132a507cf41cee83c01ffc3
119,0x112eb1ab0da8837f09966e7b23653c130ac8a094,2026-03-04T07:17:48.000Z,2026-03-04T07:19:12.000Z,2,sepolia,Sepolia Testnet,comet,usdc,0x588135544232b9adaeac11a9a04ed1b48dbd620b1a1b51f19b492bd5bd447f83|0xc8374f855859233a2360f4718908fc0e288d2612de13942c34471f3f47a838f5
5,0x20f9468228a4b69b84b01e621363f58c93ad0823,2026-02-26T17:36:24.000Z,2026-02-26T17:40:46.000Z,2,linea,Linea,comet,usdc,0x1406f776c520e44eeef2107fbbdf2e1708d74ae6df428ac761f35c79df91f086|0xcbd3eb537cd7a80cfeb1b8181ca3d9e8f7620104679adcfc3a4a74d14cb192d0
7,0x23fdd13de80bea3752ffb09e883d7fa237ec82e6,2026-02-26T18:14:48.000Z,2026-02-26T18:14:48.000Z,1,linea,Linea,comet,weth,0xd141524f1e841c8aa5654e06312d76658a90373a8c1ebbaab51bb5563d31fb9c
11,0x420ef173d58f9ac8bc6d37f3394056cdd6661f34,2026-02-26T19:57:29.000Z,2026-03-07T19:33:19.000Z,9,linea,Linea,bulker|comet,usdc|weth,0xf5b262bc21397ae27f247289cb067e6f26ef3e61f828cd0759c583042bbbbfe6|0xe0fb89c994c763f6aa8b4a1961a5ce594a2abe6c0b405d441bdb07231d84709c|0x0c13d4fa2cf6489e6903b84fe72c1461ae569d5b2647b77121684114f8f59a91|0x25622d92ebcd29bcfad29eeecf25f6fec051c3006519cf900b14cd77b18ac0a2|0x8ba9454895fe24c52ae16c526ce3ac6dcad5f430f070c3a6b3fab3b5f6568b96|0x15afbe1ba9a2b5099b5227b5930ab416396a0177314110d65082211dad1bd853|0xbdde13482eedf937da15d18e2d03b62db12e760fecc77a38d08ea2b7bc51ad72|0x34af2136078ab047de435b8071c107e7c3146cbe23f8e129bb5624c143821481|0xe441c317a1b3c70e232b6b2903343e5875aecd6254ea9b794cc15a4e21d64925
19,0x0c91b2bc29864ac8311245bcb5da7c3e32aedaac,2026-02-27T08:43:39.000Z,2026-02-27T08:43:39.000Z,1,linea,Linea,bulker,usdc|weth,0x6dc70db277ac7c9c61c00934d55a4dd663dc2d6e68824fbd2bb84fa74a80c7b2
24,0xa5c5956acd8156d457736bb537f6ab4e396e62f1,2026-02-27T17:33:00.000Z,2026-03-08T05:34:35.000Z,7,linea,Linea,bulker|comet,usdc|weth,0x01bacc12b56b7f5a21863b8431ea68a83195246278e1d0043830a490596fb005|0x26aea3b7755f446629271824ade5d23885d2e162fe1498c4f511273700e1a887|0x1e4e59738095003ad906b014624690774415d20297836b3d82ba3ad2c361e4bd|0x118b8c41ba5694c34f69d4526e421737bdcc268724fa7360e06441caee738974|0xf077856b0554d08c819d16b2cf49f9ff5c981690bd239311193d8aaf3b20ff19|0x74eff60fc9265b757a397d91485040595582efdcf733e685e362434f258d9e51|0x9016089b89c6d19a702495f16c0a4550b0b2f6c0947964f48846184c975b1765
26,0x4f6872a24ff019550048668094da427dcd49723a,2026-02-27T17:34:17.000Z,2026-03-08T05:32:37.000Z,12,linea,Linea,bulker|comet,usdc|weth,0x84e50d84b1235ee6b4f0d4c679e91ec1521ef4f49c4a42a8e9b5a669b10cb686|0xfdedc696aa0cc41a5325fb37833a20e1b41a9e27c759159d258f99326b35d032|0xb94036d86950ab96cc08c7e8122f2ba5fa93b2c80cac52f034b849de8922ea9a|0x8c421e51dd1447b8e2fb964d0b7bd8080390c64d76d12578a9d68234040dc5c4|0xabbcfa5dbbe150c8255ed082fbabf60e86529c242e9d0367a0183b691aff96db|0x62648ce89922bc99fca7d4aa340dbee6c6b5e3e386548120f007dba6dde159c5|0x3e15cb39f5184232174bf33e26b81092f889680f905d5e429b644fcfca5c39ed|0x564299737da0c90917d7482534d3e15fc49a332fc5e8dc00c5010aa1e4001871|0x09f47eb1fe7060bd1b21f8cf9569fcf981880b974a95ae557825916526c9d03e|0x5d837bb28314f9600602564d24945a8d2fb84a26a2097c3483cd5e4739345102|0xaa03d3c08497d5c4dbe8a3361f3e34afeb42fb2f5bf42339391d1d38bf7ed8d1|0x63a580c9b6ff5331467462da9f12f9dba505d9486671881b10694c059c52033f
27,0xb10127e9efc4d23e4aa613bef46959445c26a3f5,2026-02-27T19:41:41.000Z,2026-02-27T19:45:45.000Z,4,linea,Linea,bulker|comet,usdc|weth,0x967645e5e1241fed45135d101cf362dde6bd72b5e8f3eb0082bbe8105ca0ed00|0xe93984eca423d7527e7af8bf1e90118890a5cb7162517cebf790a500fd9c1e03|0x2bd6766bc27f80c5b384b265d4284867080aa8ed6c392a1b7d00e6b1d8237473|0xbc639c0f337f50d417984e25f3a8398d053bf1751732bf6f6f84c6379612cf27
28,0x12ae0b2648af963321e8e55edb648ef59bdab374,2026-02-27T19:57:15.000Z,2026-02-27T20:38:48.000Z,15,linea,Linea,bulker|comet,usdc|weth,0x2a47cfa947fdaeef88f600c9edad7817e60caa7ac80b5c32357e0ef9aa837309|0xaf21fcb4002620b4d3ee1e8968b57ea7509de8daac6d5935cb7c205dc3649308|0x7d16ad2870191b973e66884b420a54d9fd04071ee74cb176b066c1d66ab4ac08|0x2ecf091c18534e0a05c96a7ec323ca54d7907abd743f1a2a6d331a144b31d443|0x1db8da5086cffc4d1422767857e4918b6cbb640e7b15d687e9ec5b4062fd1ea5|0x8b489a023d06fb8bd8dac72d9f926f645428970f8aacb1a21db30f09a66bf4eb|0x48f086f16d3d2a0894d1fc2525745f80b5a4ed8336a3239acdf4d5de634dcdf5|0xc41842b087d02f3be6bf939c663ef00c89d798375cdae759ba77278b9c809ea2|0xfbc76272b968fd99a143a48e263e27db26cd73f741e952c5e01b25826bf55245|0xb8b209f5917c2fa98fa6b8b3c780220bfa6f3f68f9f51f41b367bda9762b139d|0x5ae92033b43d5fe5fc56d29051178d187fac3b9a19084b882d4429bcc08ee2cb|0x89e453c7cec4e00902530ce3521f6645168cdb4e821f175ac6d1a48f05573103|0x854819c8b3843a9b3e92073c90584e3f46c4985ccbd4bd5dd7717caef9dea6e5|0xedba98539b34aff15db668b20e63669af60d9513f18bb0b5eec6d33368a0d6bd|0x990df4658497be834ca0ff0e7aafa4936e92c64f0582a59e6a94dd903052c413
38,0xfef37be95be608ed7277f777d8ba877ad70df125,2026-02-28T06:09:47.000Z,2026-02-28T06:09:47.000Z,1,linea,Linea,comet,usdc,0x38fe1aac60619275c14840901fbc50094a30e326a6c2fa702ec5c17dcd780c2e
42,0x76914c986ca7c04c7bdcb3e7f02a67f71e2a9eec,2026-02-28T09:09:41.000Z,2026-03-07T17:07:41.000Z,3,linea,Linea,comet,usdc,0x38a6da5bf1203654e831ea0e4865138a916cd7b275d5716c9e9198eddbac7779|0x651a84df320238a9ec16c7066f680087a101fc9cf74d2b62c12f965de88a9525|0xc48f2ea326f4c02994b7cb20e268675483ef87f0fb9875f391f184ce6f8bc0fb
57,0x3da9c0de73a8b16dbf7e9ba884ccc11a6a50ef3a,2026-03-01T08:34:40.000Z,2026-03-01T08:35:49.000Z,2,linea|scroll,Linea|Scroll,comet,usdc,0xbc7eb73e7cc0e01b77479787b6c8d1c27a7d89fb7620f31c085704a46b7e6e5f|0x396d127f23c7aac2b1aae5c58d8f326be537ce7fb0d802468f0abe7072a47b6e
64,0xd51bafde150cccc0c5089ad3f33dfb3cf2a48f6e,2026-03-01T09:30:19.000Z,2026-03-01T10:00:21.000Z,3,linea,Linea,bulker|comet,usdc|weth,0xd2a9271cc6432b276c5f205f7fd7c80a2066862c62878cbedbe9a88dd851976f|0x6124210aebf4a7a57c2bca7553baa6d6ad90b30ba396af6d9b9ed8b5beba8559|0x17dd3fb5202d833237cbb509d9b7456d3a337f73dd34c2bd28cda4035f034170
65,0xe322fba868a746f5b76afc47ed4c249951452e43,2026-03-01T10:43:33.000Z,2026-03-01T10:46:30.000Z,3,linea,Linea,bulker|comet,usdc|weth,0xf1d353e808fbae65f19bd5392701078edce6f634f037fd9a2e592b6ed36db53b|0x16459f5b8d4311ea8e561242c74c5ec3fd1395647933a8bc70c43ab7732c5776|0xf289a1a899fbab37fdcccec704a0e4c990fddb29e1609eea57bbee57b269073e
68,0xdce975d0291f71ec314a764c817d807a770cd6f5,2026-03-01T12:07:32.000Z,2026-03-01T12:07:32.000Z,1,linea,Linea,bulker,usdc|weth,0x5bc075b89a22662d70448ddbf0f321efc2e5f731478e0d8e6c454958f64fa9db
69,0xff0a3568934fa33ed2e0371bb33fb85f866b4ba1,2026-03-01T14:00:39.000Z,2026-03-01T14:23:43.000Z,4,linea,Linea,bulker|comet,usdc|weth,0xa4cb974e54d7bc237e64c013a91419db345db211eabf9c52bfbbb0312a38c1ff|0x2be10f6869d0866c9132cdc56ed16cf587d492c666606d8f4e5f1f8c7f76af90|0x9d4088c92b2426608b67c6537a23ba06f2b8ec5edee145062009a702bb204883|0x9d8b60255fbba6e13629b3d264f872b56a357e55f3e24dfc3facaea9bbe10f60
71,0xf17f53eda987b3f831d32f99beee467512e130d0,2026-03-01T15:06:23.000Z,2026-03-01T15:06:23.000Z,1,linea,Linea,comet,usdc,0xd746b6247108fbe12e0782640b6916fd6fc4a682fa93391d0101acda80ac3071
72,0xdccdad4742d8bf3ecf142a01948d1bf2718b3b2a,2026-03-01T15:30:53.000Z,2026-03-01T15:30:53.000Z,1,linea,Linea,comet,usdc,0x599eee9fc7bde47339466fe4fe9189134227a06ebb2760f6fc85bf010f9fff15
74,0xcdfe9b00c5fdcbe23ffcb8a9330458ebc6fe79a7,2026-03-01T16:07:31.000Z,2026-03-01T16:07:31.000Z,1,linea,Linea,comet,usdc,0xbfd7425d8351f359530754a68a784d1985c133836d13f60f28c5bb01b8cce026
75,0x064eada64c3b551acfe589dea6c8d383a1cb6830,2026-03-01T16:16:08.000Z,2026-03-01T16:16:08.000Z,1,linea,Linea,comet,usdc,0x5285466edc227e3059163c8dd8de879016bde03b883b0668ff04da0c1358a7ca
78,0xd17d1a07c6c64d13a3fd346da71811c21f3a045f,2026-03-01T22:01:25.000Z,2026-03-02T13:26:02.000Z,3,linea,Linea,bulker,usdc|weth,0x776d7507791b555897c8a9e695cb3ff7a91001b581b1ed587c05420d4b0b8bc0|0x137279821fec19c532e0e1cedf251ce608dcf66b414fc1a03c9a1dffc6efdec4|0xd0e556b65bff48f387988d88947ed9c5aa349cfb12d21daf1836e942ac52bd99
81,0xa1bda5e800bec162edf56a5f3783afd5b2bd74e8,2026-03-02T07:07:55.000Z,2026-03-02T07:07:55.000Z,1,linea,Linea,comet,usdc,0x9389f75b5a45657e9554b1da43d288b5005d1cc5179294b87414ecf8ef1f121c
88,0xdcd4c5bcaea432f6369c63a18568816168baa824,2026-03-02T12:34:53.000Z,2026-03-02T12:34:53.000Z,1,linea,Linea,comet,weth,0x834a7bfb02858aee36e376702372f034ac7f54659626bd283a5dd8a958691d02
90,0xbe3d2869672d485660b34fd751e85c47ca62f016,2026-03-02T15:20:36.000Z,2026-03-02T15:20:36.000Z,1,linea,Linea,comet,usdc,0x8f7d97302ab7d859508b4660380d8c7a61b50cb38d3a2aecfb51ca5ba086f2bc
91,0xa057a3d6efdc677741a4ac786e89b9b6102eebb6,2026-03-02T16:33:39.000Z,2026-03-02T16:37:52.000Z,2,linea,Linea,bulker|comet,usdc|weth,0xfbbf60425793c80eeac2613efd180d9062695c335ae8c046e7742260df69e172|0xc3e258f31cd2a41637d84dc9a9fb0d9a9e887539404769ae5bcea99879af5b12
93,0x0b7eef0f8df0910808f4465a6021b9dede8a3c6b,2026-03-02T20:24:37.000Z,2026-03-02T20:24:52.000Z,2,linea,Linea,bulker|comet,usdc|weth,0x866b93113a68476fc8558d9b49bac5612f17a69c9bcac2709bdf7e38962d5bca|0x2ca5a822c8afc55daad1aa4e7d1635bfcbcc190c5162ce362e00e3c8af0a6d98
94,0xe621bf0992b1fce28f2582668f2c61907bd01736,2026-03-02T22:49:10.000Z,2026-03-02T23:40:49.000Z,3,linea,Linea,bulker|comet,usdc|weth,0xf9f4bf63f4b7ea5bc6c5023c7c28b4b7f4a7289bf07a7c0e6caba1ba1ffb281e|0xba85f99227b86003400281dae0de12800e05e604b1ab929d844ba34b239baf42|0x5084117755e90c5ef03718fbdde170bb86faec6f20abf255c56391d73e1b629d
95,0xcbce7d4b85de4c14e88311c6c7a4c53d574cbe62,2026-03-02T23:23:17.000Z,2026-03-02T23:42:31.000Z,3,linea,Linea,bulker,usdc|weth,0xc9e6e755b6a122154da8733311aea4a1dda5e3375b9818c900dbc03786a8797e|0xf770e6b4c447d997132cb901398c20625ea943b342016ca6a373d76e0afae683|0x99a6b7b405751b695fc0da1a3253a00687d04857dcf42e51d611032947d0fb3c
97,0xc80a5430d22e8f96b9fbf0d4d0925bc9e60daa1c,2026-03-03T00:45:36.000Z,2026-03-03T00:45:36.000Z,1,linea,Linea,bulker,usdc|weth,0xfaa51ea2e0ab63e0eb042124374d8ea865ea510de32a6053cc6f3cdea09fc6e5
98,0x7f3f1cd6cc2690931fb98bc0d1a54eff4f1ba48f,2026-03-03T01:05:57.000Z,2026-03-05T02:00:45.000Z,2,linea,Linea,comet,usdc,0x05111a79329692268c6c80a41ce485859dfc86c8ae77760c0fda6bd5a5788e55|0xafef2270fba3e6910b1e85ec20ae0fc9314d2a9fa3f1639d446826a9396a4fef
103,0x0e92afec7990bd6d3b20a21df0e3a85b7732a3b5,2026-03-03T07:55:11.000Z,2026-03-03T07:55:11.000Z,1,linea,Linea,comet,usdc,0x5b8658288c4a4ea04acfd5e10cb90e29eb2dc6cccb2d28f0b87dfa7677ed364f
107,0x9781f72f15ff9d961f5b0aaf1d93b40c23905f05,2026-03-03T10:42:49.000Z,2026-03-03T10:42:49.000Z,1,linea,Linea,bulker,usdc|weth,0x9950e3515d549e799bfb33313327d6bb9949bbd24308a1eade7a5ea9ac84c550
116,0x698fb8493d5f5fa64ce9fe1c2e2a72c0d7d7ee40,2026-03-04T05:25:12.000Z,2026-03-04T05:25:12.000Z,1,linea,Linea,comet,usdc,0xf236c2f2e1d378ef323f1b687cb2a3cef009c288fc9f3de8046e48443cedac3c
120,0x9f8088ae3f4bad069282b1e665ec4f0e4e82f92f,2026-03-04T08:02:48.000Z,2026-03-04T08:03:22.000Z,2,linea,Linea,bulker|comet,usdc|weth,0x05e7a65e777ce31b92c96e085e241c2e9eb9f5a79093ae6dfb73fb597fff2104|0x5befe8745feb0a0249e1a4c7f6bcfd0c2db2a8f6fbe63c652346126850dd6937
126,0xc8caec7ae8b36676c5c60d11423c6dac8343eb19,2026-03-04T13:43:02.000Z,2026-03-04T13:45:35.000Z,2,linea,Linea,bulker|comet,usdc|weth,0x50a982bac76142a955b9115e9927d6485a8b7f9de992da4d489a02831e5c9824|0x4b8ef75bba65b6cd244eec6bb7ae3c18f991caf685d8e9152960773f132998e3
146,0x67c1b9040f2574c84f2ad7ac6ee50856003e3897,2026-03-05T18:57:57.000Z,2026-03-05T18:57:57.000Z,1,linea,Linea,comet,usdc,0x8e6c13cac0812d68e2f612b0095abfc8397f11fd45f9bea19bc9537d47203e86
147,0xd54cf7019d0c3159807ccf29760b68de0aa43040,2026-03-06T00:13:32.000Z,2026-03-06T00:27:22.000Z,2,linea,Linea,comet,usdc,0xf7b1524c5914fc90fd86bd7254b1e58e9a2a093625a1f625476ea742ed6b41e7|0x7d0c8ea1400478c090aaff7195bf895ae92cb5b0959eb8fd31c6db9758e1a23a
155,0x0a9c860bff5c71f0ecb59d1df0ac8553c4f8178b,2026-03-06T15:11:08.000Z,2026-03-06T15:11:08.000Z,1,linea,Linea,comet,usdc,0x77aa1c1be18cf872d3d90984555aea06383d50e0227f3dcb9aec3fed0dc54ed1
164,0x2789ffa60b2887b40072b3d7b05e36544b6cd6f7,2026-03-07T04:46:29.000Z,2026-03-07T04:46:29.000Z,1,linea,Linea,bulker,usdc|weth,0x836194887b52b5ffa252ba4dbe4c6a67cc2656cc3f5ae5ad4589f49b9b99e1d6
177,0xb312628fc7454dc2d492e5fcd59b85c6653bc26f,2026-03-08T02:35:58.000Z,2026-03-08T02:35:58.000Z,1,linea,Linea,bulker,usdc|weth,0xd66a994e59936a2dffbf67d0ea6c8713209460bb9c2c554042ed120a74723323
2,0x1801c32e5fa1f52fb6f387c4c9fb2f03488024b5,2026-02-26T12:43:48.000Z,2026-02-28T16:45:23.000Z,4,polygon,Polygon,bulker|comet,usdc|usdt,0x690d095f292d2b8e9c402a1e7b098dfd3872218de49303abf6c9f0b3ce67dcf6|0xc96d451ba2eeb7d97d89b9c45793a9ce1760f14c9f68a7e5e626d5eef218a611|0xd57085fbaeb28f6b776ac9ae01497e2cbe499ccb7468fbccf6c5f96c7aa2d49e|0xbcd1829849ee2c8a873c3f1679404b39d540a125e7d7d7c8ddd786af04d216da
3,0x64fe6fb6661164624247ec3e653fb476612213ca,2026-02-26T13:36:04.000Z,2026-03-07T14:58:51.000Z,3,polygon,Polygon,comet,usdc,0x71d3eba6a0450a127835b2d8a774d5718b55bc3352f4f90ba5ab74c4c09ad654|0xd1c90deb7afbd5b1ea52dd5d41127e0e7191541a51cf2ec776027ad2ff73b722|0x4409a0aa9e06ee8626f1bcd18d1969b5cec4d0cb45dbca55414b881262cad2d2
8,0xe2fb93aed14270ff72f710af377ca9136e0fe758,2026-02-26T18:53:56.000Z,2026-03-07T21:56:31.000Z,2,polygon,Polygon,comet,usdt,0x30153512ebb6cb3afef14dd43f529fa612e899c9651a6ca0ac9475329b71f725|0x336180d1ee8413aea4c3c86456f1d61a68f402d037f2f349c7eb7f0fce04405c
10,0x1f9918924f0b5eee61a2eda4c5df275c857ec348,2026-02-26T19:36:04.000Z,2026-02-26T19:36:04.000Z,1,polygon,Polygon,bulker,usdc|usdt,0xc42c01f58e74fb13bb2ccbdf3ccf82e3121a6412102a6a3b9fad57ee1c2ef3a3
13,0x052f01c2ea10af00892a34a466171408980f7cb6,2026-02-26T21:36:42.000Z,2026-02-26T21:36:42.000Z,1,polygon,Polygon,comet,usdc,0x61d79c2d5ab61f528ecc9271ed8e7a2f1b83240b54fd1d0ff550d54314a3a2a5
14,0x1177e23637f4a35244fb9cf124663f3e1ecd7287,2026-02-26T21:40:50.000Z,2026-03-08T10:31:57.000Z,22,polygon,Polygon,comet,usdc,0xd92be8936ecd770079890446e99852b403e0ecdfc22e1c2d85311eb76ad37969|0x9360892706e5b3a337f64396e6c233698577c6288ec39ad35d0669745a223971|0x9d6f21a1e82d98568d7369381948b413bc877fc91f382b33687e188ea37abdf4|0x63841e4a4dd4d7eabe8692e9ea56ac9a93e26e743a0a4b5549bbda5c8f5e791f|0x0e9201aeec97355bfdea232aa03ec65c83579f376ed68c676d1af369e241bb51|0xfda7fbeb3173b47677fbefee5e698751c8fd08e36d76d1431ab8c5635bb12a56|0x01bf13bc9ae757044cc8c8708b0a8881ee3fd81ccfff6f1c65d48349544232f1|0x8631ad60c181ff066c0ccc02fc6d26515aae69b60955d3ef691dd8a894ea449f|0x450ad9c95954f9ed414a966dac7b948ef6f3e44b75ddb497f91d3781f933d583|0x4e3fe79b2dd761bfc7c9785a184755db6fadad05a8f97b24e0e4d31ebeb7a4fe|0xc3feaf98e5056521cd78cdcc675b1ea2c99dd3b50cd8ed998899b527978df33c|0xad781e840bc9d0b6799c401e0d944ab524d288b25896d3c42360585e58077264|0x1acd59ea1b73376a67861ee4f6bda4a338803c6a9bbbe7d33d45259cf0c6b6d0|0x3f600c840cbf63b878ea2cacce4c3a47b4186cf1a553494fcdcbb70f3427a009|0xb71bac1de9793731bece4ba24b6baf54072cb1e0657c625d3c61541224294f26|0xade6c2979cd59b67029b702d8c7c30a160f142fb569e2afad774ace6d1dfa08f|0x19257c91bebec0ed780f0b64173c3014a74bf1ccfcaed8b0776006572d354364|0xb9defc8d3401125ba5c252c4c606ace09bf6d67b137cb622f4064c1c25a4aea3|0x3a4d6406716204a694f37fce01a54aef2359fd8917b2fd75239628df4ebfda63|0xeea7ec7fe538f1f8a1fde00632d7a82894606638cb75c443da4d1c01c86c3860|0xb7d8bec80a04c86f490fc290aa92b8a62a8c0239eececfc92bc8c12cb932c905|0x06698d801581edb4b1864848ca62683446f42e4fcb7b36ab1ee71ae90254ac83
18,0xc0ea0d285886210f0f238dec3b38e212e740c9a4,2026-02-27T05:28:52.000Z,2026-03-07T05:22:01.000Z,6,polygon,Polygon,bulker|comet,usdc|usdt,0xc2c9dbd5eaae9ce1a460504a054c506efa079a860691ed5e5802118568e26a3e|0x9daaeb3bed9fc5a4b786ba300e8faa01511442496ac2001a1aaa65f2cf95ca65|0x9af0ce755d15198980422f009e64105da904df2f55313e77669c10e50f47e11d|0xade6ab0870fa6e27c57b1f8769a4de9cdf9425075134d742b2b3ae1095ebd8c9|0x62b6bfc72eb037e85e328cf25a39176cace622a8b68f6113f2b1d3be1727388a|0xf67ee78eb3beb0028f563ff2df9d56f2327ab34fbb32a1cad4c494c5c778ad05
20,0xc9cd3057d689f5fa106a86b6ddb893ed138c2589,2026-02-27T09:29:53.000Z,2026-02-28T08:32:17.000Z,3,polygon,Polygon,bulker|comet,usdc|usdt,0x58b2f5232267d86bd5c761455b94c934f45ec3e285a3bc22275e9d352f023571|0x9875abfe1d9402560303e6c49bb18c8dc1d3e4d1f8514046d7d67f31100f3e75|0x3cc5dbed6db8d16d2fa4f23f6fc50b67cffc5ce8f3696fda04b0113b6fbecc8f
25,0xced7b72c9d1a326889e7395fb2cb2d4a325a722d,2026-02-27T17:33:47.000Z,2026-02-27T19:51:15.000Z,3,polygon,Polygon,bulker|comet,usdc|usdt,0xe533cb520959458c7ca0f429044329c12bd952bd79b6dfe89598836f46f8d54f|0xa68fbdd2bcaf3d2eff85ecee75dc95bab41969778e60e46ef0495433891a2faa|0xecc9d15711e54704a822c862695a4f9a0d64056bac6b025fea2e40d84d49bb89
31,0xe818c7b2b5739482f5d1bb044408d640a9fdabb3,2026-02-27T23:13:43.000Z,2026-02-27T23:13:43.000Z,1,polygon,Polygon,comet,usdc,0x452488b96e76e68396ae65f64afacd8185028f181c2eb586742d2ecb80f2be1d
32,0xc92bfd8d62756412ef0486590dc0b5da52cf9329,2026-02-28T03:43:13.000Z,2026-02-28T03:43:13.000Z,1,polygon,Polygon,comet,usdc,0x247946176193cc6bfb34bc2d63d342768383fe2ac969c4f76913d4e43cac259c
40,0x99cf35ce6318fb65fffc87721c044c435bc218e7,2026-02-28T07:04:07.000Z,2026-03-01T06:29:59.000Z,4,polygon,Polygon,bulker|comet,usdc|usdt,0x7dc1ddac01e8c59368ce767437f4bb106a52435da6414649ac5d86dfa1c0fe6c|0xba5de989c465768d867c26eaeeecb3fd1673837a1ea6cb826885dd52174d2325|0x292eb020dc1224bef128cf872247c0105c02b17ad0484e2f63bb86f1bd126b58|0x01e6956a5d27fe3e45e61fe6c8c167d802efe4ab6338734274a1151101c52d4b
44,0x46ca1aabb7282d3c6b60fd11043d2602bc3642c3,2026-02-28T13:13:23.000Z,2026-02-28T13:13:23.000Z,1,polygon,Polygon,comet,usdc,0x85de6e297807a62e434301c5a7b3a491561226404be71c84f4a9f19c32f9430d
46,0x8f8e337a936a4fb6dc5a47a641d05dc943b52074,2026-02-28T14:39:17.000Z,2026-03-07T10:53:27.000Z,2,polygon,Polygon,comet,usdt,0x81771e782a29b21c0ef84e957ca059c709743cc148584052bb0887d76744e17d|0x3f67e1437a80171be9296a3830263c140a82e06a15e218d2c010b22d33d65de7
49,0xe7decb62ff7ad4da1a3e6d1ab587869e69829829,2026-02-28T17:24:29.000Z,2026-03-06T18:33:19.000Z,3,polygon,Polygon,comet,usdt,0x6a9f86b92e15cd68772ca04feedce31bbcdfee6b97efb3eb5e87068e279e8127|0x80d38b09cacfbcc29cd3cf71e8d016a2cc1e2d744efc6ea6a9d8e85953c3544d|0xc65f55627f4afc534f7f5f6d7a0482416c29a32c6ce27d41ebad52e9508fe68d
51,0xa351fcd4bf55122b8ee48d648613213a60dcd9da,2026-02-28T22:00:47.000Z,2026-02-28T22:00:47.000Z,1,polygon,Polygon,comet,usdt,0xbfdf4cb1ca1a72a6a20b804723d2b4111e42c8c97f820d78a50d5ca83f8dd894
52,0x6284820a3ecdecb9e5c736ace166f2b375a4a19e,2026-02-28T23:51:35.000Z,2026-02-28T23:51:35.000Z,1,polygon,Polygon,comet,usdc,0xe222a8914e48c11370eefcd8e91129473544192a1e3903f653c8743d698a11b3
53,0xece2cd3fa2bfc6f8df524448460af1e6e2a1defb,2026-03-01T00:48:35.000Z,2026-03-01T00:48:35.000Z,1,polygon,Polygon,comet,usdt,0x45b3ce21c8e90c3a211a7dab314e9f56b22f7fb392d44d3134de9062309ef9d6
54,0x8eda0bd868eb10604e9f773edb8fb0cf25c8a3d6,2026-03-01T02:37:57.000Z,2026-03-01T02:37:57.000Z,1,polygon,Polygon,bulker,usdc|usdt,0xeabc794d4c3d9d976798ab83b2d4f69f924935049684b4788130d9bee9c0a4af
56,0x2d443096d9ba71466259fbd4191d7a3ed1b5b2a6,2026-03-01T03:28:07.000Z,2026-03-01T03:28:07.000Z,1,polygon,Polygon,comet,usdt,0xb2082c8765fde59604593c1e292be868e6c85435159b00f46e19ca60101e7f2c
66,0xb021e02f35a86dc46438e5b5d9c312661233559f,2026-03-01T10:58:21.000Z,2026-03-01T10:58:21.000Z,1,polygon,Polygon,comet,usdt,0x297519672c3a80f24a1a2186021f9d55b531482313e91762ec6934490cbd7820
73,0x85ef32a59abd7745ba8e6b793abeff1e4be0f380,2026-03-01T15:45:25.000Z,2026-03-01T15:45:25.000Z,1,polygon,Polygon,bulker,usdc|usdt,0x2cd5236d89499c36de67b3b160885b92e893da20d7701c94f489a932bf6598d4
77,0xdd0a537ebbdc26d3312da75245d987b9f4ec0c34,2026-03-01T20:07:23.000Z,2026-03-01T20:07:23.000Z,1,polygon,Polygon,comet,usdc,0x57c51e1c60d2ee1f775346b4f0e3e3610b26fc94639051e279fa42735091661b
82,0x0fcc1b9b6b765c25972f413740d4d13d172af1a7,2026-03-02T09:06:49.000Z,2026-03-07T10:14:47.000Z,4,polygon,Polygon,comet,usdt,0x634299eac9589aed22a2ba01ca742e84091364f961885b2701e9ace5ec05c97c|0x0cbd61748d02aefbd3c9629acabd947e337ccefe1f4828ed71db81663d53e8f4|0xe59216668c25ff34c8dfa10ee246d58f9878e8b0b82846fc4222d5e700131864|0xab2c508f3b779b946128cdfd89d91bb3b570f01f72b201245d62bafe8f1de8d9
84,0xc9098217b402ce4a92f5d47e5166a5f62cc86952,2026-03-02T10:54:55.000Z,2026-03-02T10:54:55.000Z,1,polygon,Polygon,comet,usdt,0x6c268934d5c65ce67543dc54b4dbcb5e67067951acf516c81e65d33492502cde
86,0xc43d9e84aaf0343fedf05887817499074761a14d,2026-03-02T12:28:19.000Z,2026-03-02T12:28:19.000Z,1,polygon,Polygon,bulker,usdc|usdt,0x95090a78f33a7a0f93528953c738b729ffebc9389c545de54d5fd953b89c6941
87,0x0c036a1278da0a39a6c4e842af65ec6514bf545b,2026-03-02T12:31:15.000Z,2026-03-02T12:32:07.000Z,2,polygon,Polygon,comet,usdt,0xbc6fd8911efcecf072ece4df6061194ed8e0f9d1150000a49d286a8203d73a78|0x8de1af55f075a29ce2fd8d0302d1830961ed26368673a76e61b8b8ef67d2641d
92,0xbfbadc1bcc7aaaf363d9323e6ba8ef0b4a632585,2026-03-02T18:29:49.000Z,2026-03-02T18:29:49.000Z,1,polygon,Polygon,comet,usdt,0xc18ff3591e55c4c3acac7e052bd8a7a58e9f4db7d593561605a5d6c7cccab2f0
99,0x3653358096accc1d8b6948441ead7e15ef4905c6,2026-03-03T03:28:39.000Z,2026-03-03T03:28:39.000Z,1,polygon,Polygon,comet,usdc,0xaf4ed68ed688b24bc40372655a6e417e3157b8a52db6e79a6846a98577d32187
104,0x9c2aa05fe6f85847973e5bb81384cd0561940ed0,2026-03-03T08:50:27.000Z,2026-03-03T08:50:27.000Z,1,polygon,Polygon,comet,usdc,0x5aea7dea262c6cd924ee1ec5e1b3a056dab1bfdca8362973abf3ba95238d988b
109,0x471b9cbec79c7e720f5734ed392201903bbf555b,2026-03-03T12:43:41.000Z,2026-03-03T12:43:41.000Z,1,polygon,Polygon,comet,usdc,0xf4b819145f1f97ab5f0dc801c8185250cc18eb5ca21bf0887c28b7a311292dcb
111,0x1d32b11c26bc2cc457ee3909d3e866c55bdbbef3,2026-03-03T14:28:41.000Z,2026-03-05T00:11:05.000Z,2,polygon,Polygon,comet,usdc,0x4a0dd4298cb7fa5293b7f5831e35fda3f35d5ed7cf6280a1f1687d6a5be3e270|0x13c020b219030ff5b05edc578f86ade15a3aecfb6d331848119ebf63adee1d3f
113,0x0083022683e56a51ef1199573411ba6c2ab60000,2026-03-03T18:28:41.000Z,2026-03-03T18:28:41.000Z,2,polygon,Polygon,comet,usdc|usdt,0x5726fff34c4cde24daf53f157d468906097e924a84a1fda10fb493cb38794661|0xac4b6ad0b7859668181a9db1cb64dbed607f4f5c274f89999890107ce4d3f706
114,0xa1f1ebd2c1dabf6cd860d4362b240aa2a84c27cd,2026-03-03T21:15:29.000Z,2026-03-03T21:15:29.000Z,1,polygon,Polygon,comet,usdc,0x54742b52d9821c28752b73f750278fbfb7f34ad0d2977f32eb1004a6cb81925d
115,0x13e5a77e23907f711a6084b95e4505321051c82d,2026-03-03T21:32:03.000Z,2026-03-03T21:32:03.000Z,1,polygon,Polygon,comet,usdc,0xd37fa85579bb48c26ca0f3c6f205578b76a9807ef8c78c8d7d2378c00efb0780
118,0x3884a4ff940adb87f9981e55ab8082f0c656fa20,2026-03-04T07:15:15.000Z,2026-03-04T07:15:15.000Z,1,polygon,Polygon,comet,usdc,0x2e957a0a690de9d66b5bc99ff85c27614073e70bf610ccc5e4da66d740967f12
123,0x90aabb92efd806040bd1a9b7072a03bf77040faf,2026-03-04T11:06:09.000Z,2026-03-04T11:06:09.000Z,1,polygon,Polygon,comet,usdc,0xe3abe1fff652d0fa6ea0edf6bb8113a616456dede994407f75b89ac423213b0a
124,0x3631f39d7e7f8c4603ca67e12d49ad59b5ca362a,2026-03-04T11:14:55.000Z,2026-03-04T11:14:55.000Z,1,polygon,Polygon,comet,usdc,0x96bdcc874be20d1452e169c981c6ccab2846a13b5a510d6ab37bcf10b75295f5
128,0xd004027c4bc2e0bde51c23b06e80d63bcd279caf,2026-03-04T14:39:51.000Z,2026-03-04T14:39:51.000Z,1,polygon,Polygon,comet,usdc,0x883559d3540bda41803359fb33c19b5d17b095b982b5604fd240ee5ef2d2e58e
129,0x4f13fb0dd3d43a4511c1c6ef49569287ee968ae5,2026-03-04T18:37:31.000Z,2026-03-04T19:02:49.000Z,5,polygon,Polygon,bulker|comet,usdc|usdt,0x2f475d38d8bd3ba4b5959acd4d951ab695439c1b1913f676d0a3eb2f6c19a470|0x15afb2a6bdeb7b9596fc44d4ce3dad9914d76d42b605fee98ede9e236a6d72b7|0x7cd6b50afc6c49ab07cb738aeee9c0b3d198374947000b410520bc513e1f461c|0xcadcdf4bf58a4e1be683e8cd58b36f70eea71435cf3c8004f5e9bd7fa4ff4a1d|0x2bbc531db3f0506b48ace1ba484aaf882973eb7cc745e2931fe67e08af6c71c4
130,0x8ca26a0a426e8c2110c065ff8f2ac6e8bc2a6d72,2026-03-04T19:56:47.000Z,2026-03-04T19:56:47.000Z,1,polygon,Polygon,comet,usdt,0xa153cf4296852e999733bc04944a1216b7c5a96c373c5d9c229e5f308a121ec6
132,0x2588253cc1daac3e7d823b9190ec87e75c67f2c4,2026-03-04T20:54:25.000Z,2026-03-04T20:54:25.000Z,1,polygon,Polygon,bulker,usdc|usdt,0x605ebb3b50f32156699df1cf2984388e2eb310f4ee064f74dc30ce754cab1b95
134,0x82fdbbfd3b24dd9d8be84e17bd8000cebd6d371e,2026-03-04T22:15:11.000Z,2026-03-04T22:15:11.000Z,1,polygon,Polygon,comet,usdc,0x96842a87615ce4f82c48c2c94d1dbaddbd5ab0d8b65152ed0f07b59eac878bf0
137,0xf2f3e73be57031114dd1f4e75c1dd87658be7f0e,2026-03-05T03:51:41.000Z,2026-03-05T03:51:41.000Z,1,polygon,Polygon,comet,usdc,0x5beb1700aba269aa3daeb4289bfcc82d2c1ef9fb4f347573c2800e93921cfed5
138,0x1fed11ddc19a0e0948d9c97185b3fece15ea62a9,2026-03-05T05:00:01.000Z,2026-03-05T05:00:01.000Z,1,polygon,Polygon,comet,usdc,0xfd99af30df914a658d0e6adb1765672989eb79292b5bfd479d60fa82561f3fd1
139,0x07ffaec6ddda77a0f0afd48fe49bc21b1c68e87d,2026-03-05T06:21:25.000Z,2026-03-05T06:21:25.000Z,1,polygon,Polygon,comet,usdc,0x027cb6ed3a1a393cd5635b5669c79826cc44c1a9e911041fcfd271e7dfa664d3
141,0x21050471aa9fc930355c97410b3bc3b677b3a7e4,2026-03-05T09:54:39.000Z,2026-03-05T09:54:39.000Z,1,polygon,Polygon,comet,usdt,0x3443954be145cec9d1f13345322d1fc8a3d75356f8143a31b5eb472e07d23c63
142,0x1e5d2cbeb60742a1a60ceba8d83d1a05f076524f,2026-03-05T10:33:39.000Z,2026-03-05T10:33:39.000Z,1,polygon,Polygon,bulker,usdc|usdt,0x0524420d886996b2dcb59274880433e7e95d8658326de3774bfd5fabf4068b23
1,0x1a2b8dd1b3484a97ffb52d84b7ec98676e800ddc,2026-02-26T11:30:09.000Z,2026-02-26T11:30:09.000Z,1,scroll,Scroll,comet,usdc,0x484afc6cc8c95ef29e352b3f6e9a05835915899908d45a15cfe2c79b0ee398b4
4,0x7b9b63bc22261f15f48cb4d5f00eacb822ab6970,2026-02-26T17:21:10.000Z,2026-02-26T17:21:10.000Z,1,scroll,Scroll,comet,usdc,0xa0c973957196d3cd0c2deaaace0f1284152a74159255c611cf78864fd14df0c0
6,0x7e00a71caa97db13d5aa5749c3ed1b32ac397fc6,2026-02-26T18:06:45.000Z,2026-02-26T18:06:45.000Z,1,scroll,Scroll,comet,usdc,0xf093c4fa3600b61c39cbeeebbc348ed2fa8e2b1d78a902152c17879a80af3529
9,0xcbfd8cece95b0fa33a6bb140a529e6f78095fa91,2026-02-26T19:06:28.000Z,2026-02-26T19:06:28.000Z,1,scroll,Scroll,comet,usdc,0x646158dacb319b7bc66988e9e064e75ec10395c43014c79a30dcfcb4a7e0c808
12,0xc0628b9a751120a91e2013bca53f353d5acd5f31,2026-02-26T20:53:25.000Z,2026-02-26T20:53:25.000Z,1,scroll,Scroll,comet,usdc,0x416188c1bf2ad4734bda7a912f8435c50dcf2702c3d994af2d95fe918b3775a5
15,0x8439a3b6ed9cf3771ba4b91c2812316a209ec194,2026-02-27T04:02:22.000Z,2026-02-27T04:02:22.000Z,1,scroll,Scroll,comet,usdc,0xefa70f1c2f4568e02cf3818660974a8e884758737b799d6fc6514e6617c08674
16,0xc52a2f987f79d29ae241bb62452ea76264ea567b,2026-02-27T05:09:33.000Z,2026-02-27T05:09:33.000Z,1,scroll,Scroll,comet,usdc,0x5d22777e957cd65d5f6be710ce04bfe88eebf4324db965b549f1f9a9d45d0f4a
17,0x20b0b63ff0e04eb1109d5059f7b8ebdd1d7e37eb,2026-02-27T05:19:51.000Z,2026-02-27T05:20:04.000Z,2,scroll,Scroll,bulker|comet,usdc,0x62e161c67657f6dc158c1965d626603aabebe824e771739b8fad9ea193620215|0xdd03a7773061a493f3f4ccd0132fb651cd9d800332b4cfa264db07e95ca33678
21,0x9b2312c38ff215004d56ce45eb3ee90e7bfc578c,2026-02-27T09:52:54.000Z,2026-02-27T09:52:54.000Z,1,scroll,Scroll,comet,usdc,0x1aa6cc7e9b869d3ae227b5e9afb57d440b13068144769e9b4c8cd8603e4a893a
22,0x6f4fa4581e5096a3eae211cf16f14018927034fb,2026-02-27T15:21:21.000Z,2026-02-27T15:21:21.000Z,1,scroll,Scroll,bulker,usdc,0x20a7c01e5f09d205008422ff656cd4603b75766526e3153c2655c7fb815ef892
23,0x156e5ab67973a9160a95fa28a741d6cb1d90e0bb,2026-02-27T17:23:30.000Z,2026-02-27T17:23:30.000Z,1,scroll,Scroll,comet,usdc,0x402c9f52501e819951218fb865aec3bd60b6cceef14562d336a128efa4b97f23
29,0x77aa5a2d41793ed468da93832724159cfaa1f0a9,2026-02-27T20:30:41.000Z,2026-02-27T20:30:41.000Z,1,scroll,Scroll,comet,usdc,0x559e0a30f187c6dd1c7413fe49ccb6d1f1e66159635f1c7d93c3ae34de46fb78
30,0xc8c626980f06e95825cf2e12f762d2eab8ca7b46,2026-02-27T22:58:51.000Z,2026-02-27T22:58:51.000Z,1,scroll,Scroll,comet,usdc,0xb77ce07bad5a348a6caad0773dab2355b3e8ffffd0f227e0c98adf7fad67c387
33,0xca1d5ee1a1c544353e01a764659b0b07fd81d394,2026-02-28T04:13:44.000Z,2026-02-28T04:28:11.000Z,3,scroll,Scroll,comet,usdc,0xec3750a47c68821ed80f53c3fa20e988ef8ed7afe2a4adf47e7d3c34f4b60d0b|0x2a727957611a5361e336a39cdd38e53880265f6cebfb91b974c28c59c49f40b5|0x58dd0075fbb2770557e705ce91645d3a9858ef83ee55e829bd2b7659497b599d
34,0xb3f64061449845d33b45fb850d6b1830d2ac4fd5,2026-02-28T04:30:05.000Z,2026-02-28T04:30:05.000Z,1,scroll,Scroll,comet,usdc,0xdb71225600303f098814d546b1d76c8d120e656081f3f97133f70b0a8ab823c8
35,0x1e09abfaa453a663df3eba885f9e14c99bcd5156,2026-02-28T05:49:56.000Z,2026-02-28T05:57:45.000Z,3,scroll,Scroll,bulker|comet,usdc,0xc26f10eec96e29a8649c03effddf8887f28b50374e7d0412c32a095ddc189653|0x92f89ba12d4d7c6f500d6edb7f0a430055df6c1edc2cf4f0751820c06e7c1a12|0xd1da93a41660aed41243261d2fd34448f31ab4b9607c586caace9ddcfcf414cd
36,0x492f5d913aa8adebfcc4aafe7258f44df4e01043,2026-02-28T05:58:32.000Z,2026-02-28T05:59:21.000Z,3,scroll,Scroll,bulker|comet,usdc,0x05c1f123189cab1de2641c2efb84f6918e5a4a5df4c93767104d9c796b9ebbc7|0xb578de68e5f4c19189fedb26c9f5303b87bc00119d04eaafa1aff4c5a539dd4d|0x4d73dd30e07640609b8e023dca46f24566ea684cbb6c3dc47a1105332bd58cca
37,0x64e9a301097a6134a408b931ff1d29bd7c7c6476,2026-02-28T06:00:56.000Z,2026-02-28T06:00:56.000Z,1,scroll,Scroll,comet,usdc,0x503c4b5e06d9fafc1a845310c3dbe0317f88156db5380176acec1170dde9729c
39,0x70a5aa813e2491f2828134f468b82d2ea533e985,2026-02-28T06:32:08.000Z,2026-02-28T06:32:08.000Z,1,scroll,Scroll,comet,usdc,0x5c9be613bad3164475adfc907eae9a122a77ba215e719c1f26b3c334c406d8ac
41,0x703f8f3eb02ece4e616146d4d9c2926389742abe,2026-02-28T07:41:18.000Z,2026-02-28T07:41:18.000Z,1,scroll,Scroll,comet,usdc,0x43271ebdec6ce55b63893b520f6cb9b87f9a7a1dceab34a799a044c2d5feccc4
43,0xcd1a49cbe07c7497d7e9ec307c7cf4c55a8ec2cb,2026-02-28T13:06:14.000Z,2026-02-28T13:06:14.000Z,1,scroll,Scroll,comet,usdc,0xcd9ed599863efbca034dacfb67eabfdf86a53a438742ec507a98331aa5afff61
45,0x6799301140be598c90edcda8b346db84a2c832ba,2026-02-28T13:57:51.000Z,2026-02-28T13:57:51.000Z,1,scroll,Scroll,comet,usdc,0xbd5973c6f47bf44be5719b95365c04714feda1f7704748c9a0fd58dd0b1e6e2c
47,0x8d792cd812d22b8f045e780d474d069b9d98cbb9,2026-02-28T15:20:03.000Z,2026-02-28T15:20:03.000Z,1,scroll,Scroll,comet,usdc,0x2b7be3b841a0a59b70021ebe68ec5961612000d369981da8e5f85f50da5bb393
48,0x27696287ad4974dae142720d8623a46a6a5773ba,2026-02-28T16:23:00.000Z,2026-02-28T16:23:00.000Z,1,scroll,Scroll,comet,usdc,0x5f481ce7aa861ea27af8b342873ec33463df32bb243074fb6b8b7e178ef4848a
50,0xbf1d7980a39e89f97a48eea0c0f568c4c658d5f9,2026-02-28T18:35:44.000Z,2026-02-28T18:35:44.000Z,1,scroll,Scroll,comet,usdc,0x97dfcb224756717cf54e1609bf0bde0460c380bb3452651a28f5bf33ec99bf7d
55,0xc966071815f0fdf802aebc02e97a56aa76d380e8,2026-03-01T02:58:41.000Z,2026-03-01T02:58:41.000Z,1,scroll,Scroll,comet,usdc,0x356ea6b43d2c8345f4544ffd6b14e01925febaecea054b496e39cf9b2fd29737
58,0x00ad6669e800c4e8e3061f1168a5ab2421e68d31,2026-03-01T09:04:43.000Z,2026-03-01T09:04:43.000Z,1,scroll,Scroll,comet,usdc,0x01466c91c30b9d84eba9290fdb0022eccc81986986a90561329a7f893f9ef72a
59,0x0827dcf004fa789b83cb10168634bfbe1c228c70,2026-03-01T09:10:10.000Z,2026-03-01T09:10:10.000Z,1,scroll,Scroll,comet,usdc,0xc1b1b95707be76681132fa724351411188af787cd5b6b0a5e574e99772ff652c
60,0x3d9fe034308ecaf88025307d1be10d91d4bed432,2026-03-01T09:16:14.000Z,2026-03-01T09:16:14.000Z,1,scroll,Scroll,comet,usdc,0x231112a9b3834da55e31f04a2d92ebf55d0ba23456280c759c08bd2391253cc8
61,0xd1a02f8fa98125a9b75ac79d4083b2696d8d3858,2026-03-01T09:19:51.000Z,2026-03-01T09:19:51.000Z,1,scroll,Scroll,comet,usdc,0x218f52257a70bb944b302b59e48a73a5b7a2a556a60ef1fadc8e28b2fdb68e7f
62,0xbd082e9faa7043d4cccca58d63916348ee938fe0,2026-03-01T09:23:55.000Z,2026-03-01T09:23:55.000Z,1,scroll,Scroll,comet,usdc,0x24a11d66f496d1cfa3abdd905ae8114f1ddd1ad5c7389c580dda455c7f825ed9
63,0x77956a9d1b9901bbe4cfc2ed37db17500fbe7b0c,2026-03-01T09:27:09.000Z,2026-03-01T09:27:09.000Z,1,scroll,Scroll,comet,usdc,0xa6dfb9518adb69fd9198b362268f17a0e72cdf274708fccb0bbbbfc431128f7d
67,0xd2f13a71f1844cc79db13665ba1870715bc794c0,2026-03-01T10:58:51.000Z,2026-03-01T10:58:51.000Z,1,scroll,Scroll,comet,usdc,0xd62c8ad35b1c2430089c591914f9cc175b4067bab6667e13e780ea3701ce9b75
70,0x818f8f761aa9dce13b71f48719e80a8acf057090,2026-03-01T14:14:34.000Z,2026-03-01T14:14:34.000Z,1,scroll,Scroll,comet,usdc,0xd571fd2553a39cfe18d9af44fd35f5b1eb49a502acf88943cdddefcbc98e2072
76,0x2f15b21b2b8817749648ccad53025cdddea40d1d,2026-03-01T18:46:06.000Z,2026-03-01T18:46:35.000Z,2,scroll,Scroll,bulker|comet,usdc,0xaaebb6a63906a1469fc732cc4611350696fa15bb3ef7c9396a3cc62e0f6af197|0x320b7fe651376d9d5ce36ce980bbe79723e2aef31e3a685ce18aece4ed1be419
79,0xf6f23db1d2dbd51411d789fdba09e2c842f7a3e1,2026-03-02T02:25:57.000Z,2026-03-02T02:25:57.000Z,1,scroll,Scroll,comet,usdc,0x43950767b6159fbeb007bd3604be29e9256bf78c74b026c751cd5f47d7446b03
80,0xfc76ea10cb670b163636fa8502fb4a4d1bb25c0f,2026-03-02T04:46:15.000Z,2026-03-02T04:46:15.000Z,1,scroll,Scroll,comet,usdc,0x901c4ee861f688c5c7443b0c8b4989047b5061cd94cbd914dc95ad2701d30a6a
83,0xa6d2884a9714e584211d8e5a928ed6362eda528b,2026-03-02T10:15:00.000Z,2026-03-02T10:15:00.000Z,1,scroll,Scroll,comet,usdc,0x39677d0b915f9425f263559707975ab47b1738e92f7547494e5f2be16ae588ce
85,0xea4f9dd19f7482d8151933acba6b051d04fa2b47,2026-03-02T12:19:22.000Z,2026-03-02T12:19:22.000Z,1,scroll,Scroll,comet,usdc,0xdcbdb3e47aef8d6b80e04c0b2f358218d9185fb57f0e6722d039af111d00301b
89,0x56c9a93ffab91bc966c14328f904c825b2ae87d3,2026-03-02T13:49:22.000Z,2026-03-02T13:49:22.000Z,1,scroll,Scroll,comet,usdc,0x061d165e22803dc2835c47cfaa6c1bfddf2668d3b0f843f0f65d035698cb989c
96,0x4b2d5b45c813aa87b10525d795071382d6cce58e,2026-03-03T00:24:32.000Z,2026-03-03T00:24:32.000Z,1,scroll,Scroll,comet,usdc,0x5c9024f53327f78e1a1499a07de8f14656c36824477225cf20980c72de3d5188
100,0xfb932a899c363d1d5cbe790671795c69b71dd0f2,2026-03-03T06:05:25.000Z,2026-03-03T06:05:25.000Z,1,scroll,Scroll,comet,usdc,0xf45ed4fff0bbc4e21fc65c8106da3f3cf18745474b08d084d0b896ff80476386
101,0x43b93d495de40a662c6f0f9478ab588b749aec5c,2026-03-03T06:18:25.000Z,2026-03-03T06:18:25.000Z,1,scroll,Scroll,comet,usdc,0xe3c9e974742434c54405b36118692a276ff781fccf261663a45e2041b5994a05
102,0xc7434215de3fa81588ad562eb8ce2ebdd0c8af8d,2026-03-03T07:52:46.000Z,2026-03-03T07:52:46.000Z,1,scroll,Scroll,comet,usdc,0x6494f18810f86b0d7e2ebc270fda562053bb197071a45e5f39f95d9ab33a725a
106,0xe3e491f32916da530451455d078c7d0b1d0574a9,2026-03-03T09:47:37.000Z,2026-03-03T09:47:37.000Z,1,scroll,Scroll,comet,usdc,0xb415ce0b0882013f113ab32003d60059b00e04fc8c07a01e6eee69d7c7fa485b
110,0x2a24c02d6cf823196fef9a291e1606c42f348114,2026-03-03T14:12:05.000Z,2026-03-03T14:12:05.000Z,1,scroll,Scroll,comet,usdc,0x0e0159705d889fcdb55cea77b87a2a06cb9704e3fdf0ccecae1a6b1b0942a92d
112,0xb0ff3bd42f6a0f2db897ab5bc49fcb4dcfaaa690,2026-03-03T15:57:03.000Z,2026-03-03T15:57:03.000Z,1,scroll,Scroll,comet,usdc,0xece70e93520008dc09f745179a5cfffb638b81e296caf1a6c528ee872c97d80e
117,0x9eaf1f30881e0fc906ea86c749bc9bc2646dad8c,2026-03-04T07:00:16.000Z,2026-03-04T07:00:16.000Z,1,scroll,Scroll,bulker,usdc,0x2b28ce056ade11a7ee45b5a9ccb8a42cb4f53db61e5847a0d84d1480f0bc969b
121,0xac4d9bec6af0117f7c194bb9ef16fe92f6937ac0,2026-03-04T08:53:38.000Z,2026-03-04T08:53:38.000Z,1,scroll,Scroll,comet,usdc,0x63fa034a0687921a8d044891b7417d24523bd15434ae07cb993ab97b393d180e
122,0xdaa8607980030f3930bdde014f16059b5d80059e,2026-03-04T10:36:10.000Z,2026-03-04T10:36:10.000Z,1,scroll,Scroll,comet,usdc,0xfc87ed8df4daed2b097212ee03b287a9d109e171a95329df96d5845c44203bcc
125,0x05541dc763e9b45c65a6b78ebec86aa8e1319da2,2026-03-04T11:47:35.000Z,2026-03-04T11:47:35.000Z,1,scroll,Scroll,comet,usdc,0x87037a70fc9b7859a07cba4d9024bb030270f99bf411117237946e51752d4bcf
127,0x6e5ce2d2724eaabd139b48cc40f0846051c665eb,2026-03-04T14:06:43.000Z,2026-03-04T14:06:43.000Z,1,scroll,Scroll,bulker,usdc,0x5d45703b4a537e8de8992d207bacac0c974272c342d4cd30b105689b1c0772c5
131,0x5fa79f9c2c166b0f52d37959392fcc1c546b1b1a,2026-03-04T20:21:40.000Z,2026-03-04T20:21:40.000Z,1,scroll,Scroll,comet,usdc,0xbad39bf5a408ada3be5730b99a67b135296c21817d41c9cc565c0ad735d7ee48
133,0x327569d42393cfa452f2832685cf45ea6353c9b3,2026-03-04T21:39:17.000Z,2026-03-04T21:39:17.000Z,1,scroll,Scroll,comet,usdc,0xcc8e8a8ea420a148b14e6eb17e39bcedb330285f539c82fccaed7ab376d35fac
135,0x8969680b2135c4b9400348e6f1c94dd583212604,2026-03-04T23:06:32.000Z,2026-03-04T23:06:32.000Z,1,scroll,Scroll,bulker,usdc,0x269d63b0aa54118bf6e5f512296fce929b7a00e4872b93c78902eb89a8b4b363
136,0x9c4f421212cfa19f7acf23508a1a1b63542bc2e9,2026-03-05T01:57:04.000Z,2026-03-05T01:57:04.000Z,1,scroll,Scroll,comet,usdc,0x83af1f12a8e3e07ab205c05fb7f6fcccb79108fc95363da8869cdf256460869f
140,0x87eec7e88be8d1df41841d21f6afabb667c94ef2,2026-03-05T07:29:29.000Z,2026-03-05T07:29:29.000Z,1,scroll,Scroll,comet,usdc,0x835b61395a6785a9162a68dd1c10fee578147630c7906428223037dd2e57a497
143,0x95b49e38b2a3140f5242d57f6ec34920601ae193,2026-03-05T12:58:03.000Z,2026-03-05T12:58:03.000Z,1,scroll,Scroll,comet,usdc,0xe873bcf2d6119d2a424916d138473d777e0b28055d284853be19063e37e17b71
148,0x37d5dec664b22f42bed151629c6951fd8f4fb0fb,2026-03-06T02:34:02.000Z,2026-03-06T02:34:02.000Z,1,scroll,Scroll,comet,usdc,0xa4bcb5d6386cfc61a0f9b6cde749ad6b354ffdf7044b213fd7404c5539e767a2
144,0x2ecd1400e9975bee19b1c41ee57ef8f76f0b71a3,2026-03-05T12:59:05.000Z,2026-03-05T12:59:05.000Z,1,polygon,Polygon,comet,usdc,0x4d2b3d239cc8045622c07a8ed274c46968cc50b2196935655919bc3928a43524
